Workbook

Sheet Summary
A1: U.S. vs E.U. Mould Sourcing — China+1 Comparison
A2: HS 8480, identical 8-supplier basket (Canada, China, Japan, Malaysia, Singapore, Thailand, Taiwan, Vietnam). US=USD/US Census; EU=EUR/Eurostat Comext, EU-27 extra-EU imports.
A4: Headline comparison (share of the 8-supplier basket)
A5: Metric | E5: United States | G5: European Union
A6: China share of basket, 2018 | E6: =INDEX(Raw_US_8partners!$B$2:$Y$9,MATCH("China",Raw_US_8partners!$A$2:$A$9,0),17)/(INDEX(Raw_US_8partners!$B$2:$Y$9,MATCH("Canada",Raw_US_8partners!$A$2:$A$9,0),17)+INDEX(Raw_US_8partners!$B$2:$Y$9,MATCH("China",Raw_US_8partners!$A$2:$A$9,0),17)+INDEX(Raw_US_8partners!$B$2:$Y$9,MATCH("Japan",Raw_US_8partners!$A$2:$A$9,0),17)+INDEX(Raw_US_8partners!$B$2:$Y$9,MATCH("Malaysia",Raw_US_8partners!$A$2:$A$9,0),17)+INDEX(Raw_US_8partners!$B$2:$Y$9,MATCH("Singapore",Raw_US_8partners!$A$2:$A$9,0),17)+INDEX(Raw_US_8partners!$B$2:$Y$9,MATCH("Thailand",Raw_US_8partners!$A$2:$A$9,0),17)+INDEX(Raw_US_8partners!$B$2:$Y$9,MATCH("Taiwan",Raw_US_8partners!$A$2:$A$9,0),17)+INDEX(Raw_US_8partners!$B$2:$Y$9,MATCH("Vietnam",Raw_US_8partners!$A$2:$A$9,0),17)) -> 0.30229939 | G6: =INDEX(Raw_EU_HS8480!$B$2:$Y$9,MATCH("China",Raw_EU_HS8480!$A$2:$A$9,0),17)/(INDEX(Raw_EU_HS8480!$B$2:$Y$9,MATCH("Canada",Raw_EU_HS8480!$A$2:$A$9,0),17)+INDEX(Raw_EU_HS8480!$B$2:$Y$9,MATCH("China",Raw_EU_HS8480!$A$2:$A$9,0),17)+INDEX(Raw_EU_HS8480!$B$2:$Y$9,MATCH("Japan",Raw_EU_HS8480!$A$2:$A$9,0),17)+INDEX(Raw_EU_HS8480!$B$2:$Y$9,MATCH("Malaysia",Raw_EU_HS8480!$A$2:$A$9,0),17)+INDEX(Raw_EU_HS8480!$B$2:$Y$9,MATCH("Singapore",Raw_EU_HS8480!$A$2:$A$9,0),17)+INDEX(Raw_EU_HS8480!$B$2:$Y$9,MATCH("Thailand",Raw_EU_HS8480!$A$2:$A$9,0),17)+INDEX(Raw_EU_HS8480!$B$2:$Y$9,MATCH("Taiwan",Raw_EU_HS8480!$A$2:$A$9,0),17)+INDEX(Raw_EU_HS8480!$B$2:$Y$9,MATCH("Vietnam",Raw_EU_HS8480!$A$2:$A$9,0),17)) -> 0.88305341
A7: China share of basket, 2025 | E7: =INDEX(Raw_US_8partners!$B$2:$Y$9,MATCH("China",Raw_US_8partners!$A$2:$A$9,0),24)/(INDEX(Raw_US_8partners!$B$2:$Y$9,MATCH("Canada",Raw_US_8partners!$A$2:$A$9,0),24)+INDEX(Raw_US_8partners!$B$2:$Y$9,MATCH("China",Raw_US_8partners!$A$2:$A$9,0),24)+INDEX(Raw_US_8partners!$B$2:$Y$9,MATCH("Japan",Raw_US_8partners!$A$2:$A$9,0),24)+INDEX(Raw_US_8partners!$B$2:$Y$9,MATCH("Malaysia",Raw_US_8partners!$A$2:$A$9,0),24)+INDEX(Raw_US_8partners!$B$2:$Y$9,MATCH("Singapore",Raw_US_8partners!$A$2:$A$9,0),24)+INDEX(Raw_US_8partners!$B$2:$Y$9,MATCH("Thailand",Raw_US_8partners!$A$2:$A$9,0),24)+INDEX(Raw_US_8partners!$B$2:$Y$9,MATCH("Taiwan",Raw_US_8partners!$A$2:$A$9,0),24)+INDEX(Raw_US_8partners!$B$2:$Y$9,MATCH("Vietnam",Raw_US_8partners!$A$2:$A$9,0),24)) -> 0.24435421 | G7: =INDEX(Raw_EU_HS8480!$B$2:$Y$9,MATCH("China",Raw_EU_HS8480!$A$2:$A$9,0),24)/(INDEX(Raw_EU_HS8480!$B$2:$Y$9,MATCH("Canada",Raw_EU_HS8480!$A$2:$A$9,0),24)+INDEX(Raw_EU_HS8480!$B$2:$Y$9,MATCH("China",Raw_EU_HS8480!$A$2:$A$9,0),24)+INDEX(Raw_EU_HS8480!$B$2:$Y$9,MATCH("Japan",Raw_EU_HS8480!$A$2:$A$9,0),24)+INDEX(Raw_EU_HS8480!$B$2:$Y$9,MATCH("Malaysia",Raw_EU_HS8480!$A$2:$A$9,0),24)+INDEX(Raw_EU_HS8480!$B$2:$Y$9,MATCH("Singapore",Raw_EU_HS8480!$A$2:$A$9,0),24)+INDEX(Raw_EU_HS8480!$B$2:$Y$9,MATCH("Thailand",Raw_EU_HS8480!$A$2:$A$9,0),24)+INDEX(Raw_EU_HS8480!$B$2:$Y$9,MATCH("Taiwan",Raw_EU_HS8480!$A$2:$A$9,0),24)+INDEX(Raw_EU_HS8480!$B$2:$Y$9,MATCH("Vietnam",Raw_EU_HS8480!$A$2:$A$9,0),24)) -> 0.93637597
A8: China CAGR 2018–2025 | E8: =(INDEX(Raw_US_8partners!$B$2:$Y$9,MATCH("China",Raw_US_8partners!$A$2:$A$9,0),24)/INDEX(Raw_US_8partners!$B$2:$Y$9,MATCH("China",Raw_US_8partners!$A$2:$A$9,0),17))^(1/7)-1 -> -0.072868526 | G8: =(INDEX(Raw_EU_HS8480!$B$2:$Y$9,MATCH("China",Raw_EU_HS8480!$A$2:$A$9,0),24)/INDEX(Raw_EU_HS8480!$B$2:$Y$9,MATCH("China",Raw_EU_HS8480!$A$2:$A$9,0),17))^(1/7)-1 -> 0.045190733
A9: SE Asia (MY+TH+VN) share, 2018 | E9: =(INDEX(Raw_US_8partners!$B$2:$Y$9,MATCH("Malaysia",Raw_US_8partners!$A$2:$A$9,0),17)+INDEX(Raw_US_8partners!$B$2:$Y$9,MATCH("Thailand",Raw_US_8partners!$A$2:$A$9,0),17)+INDEX(Raw_US_8partners!$B$2:$Y$9,MATCH("Vietnam",Raw_US_8partners!$A$2:$A$9,0),17))/(INDEX(Raw_US_8partners!$B$2:$Y$9,MATCH("Canada",Raw_US_8partners!$A$2:$A$9,0),17)+INDEX(Raw_US_8partners!$B$2:$Y$9,MATCH("China",Raw_US_8partners!$A$2:$A$9,0),17)+INDEX(Raw_US_8partners!$B$2:$Y$9,MATCH("Japan",Raw_US_8partners!$A$2:$A$9,0),17)+INDEX(Raw_US_8partners!$B$2:$Y$9,MATCH("Malaysia",Raw_US_8partners!$A$2:$A$9,0),17)+INDEX(Raw_US_8partners!$B$2:$Y$9,MATCH("Singapore",Raw_US_8partners!$A$2:$A$9,0),17)+INDEX(Raw_US_8partners!$B$2:$Y$9,MATCH("Thailand",Raw_US_8partners!$A$2:$A$9,0),17)+INDEX(Raw_US_8partners!$B$2:$Y$9,MATCH("Taiwan",Raw_US_8partners!$A$2:$A$9,0),17)+INDEX(Raw_US_8partners!$B$2:$Y$9,MATCH("Vietnam",Raw_US_8partners!$A$2:$A$9,0),17)) -> 0.0041189649 | G9: =(INDEX(Raw_EU_HS8480!$B$2:$Y$9,MATCH("Malaysia",Raw_EU_HS8480!$A$2:$A$9,0),17)+INDEX(Raw_EU_HS8480!$B$2:$Y$9,MATCH("Thailand",Raw_EU_HS8480!$A$2:$A$9,0),17)+INDEX(Raw_EU_HS8480!$B$2:$Y$9,MATCH("Vietnam",Raw_EU_HS8480!$A$2:$A$9,0),17))/(INDEX(Raw_EU_HS8480!$B$2:$Y$9,MATCH("Canada",Raw_EU_HS8480!$A$2:$A$9,0),17)+INDEX(Raw_EU_HS8480!$B$2:$Y$9,MATCH("China",Raw_EU_HS8480!$A$2:$A$9,0),17)+INDEX(Raw_EU_HS8480!$B$2:$Y$9,MATCH("Japan",Raw_EU_HS8480!$A$2:$A$9,0),17)+INDEX(Raw_EU_HS8480!$B$2:$Y$9,MATCH("Malaysia",Raw_EU_HS8480!$A$2:$A$9,0),17)+INDEX(Raw_EU_HS8480!$B$2:$Y$9,MATCH("Singapore",Raw_EU_HS8480!$A$2:$A$9,0),17)+INDEX(Raw_EU_HS8480!$B$2:$Y$9,MATCH("Thailand",Raw_EU_HS8480!$A$2:$A$9,0),17)+INDEX(Raw_EU_HS8480!$B$2:$Y$9,MATCH("Taiwan",Raw_EU_HS8480!$A$2:$A$9,0),17)+INDEX(Raw_EU_HS8480!$B$2:$Y$9,MATCH("Vietnam",Raw_EU_HS8480!$A$2:$A$9,0),17)) -> 0.022345621
A10: SE Asia (MY+TH+VN) share, 2025 | E10: =(INDEX(Raw_US_8partners!$B$2:$Y$9,MATCH("Malaysia",Raw_US_8partners!$A$2:$A$9,0),24)+INDEX(Raw_US_8partners!$B$2:$Y$9,MATCH("Thailand",Raw_US_8partners!$A$2:$A$9,0),24)+INDEX(Raw_US_8partners!$B$2:$Y$9,MATCH("Vietnam",Raw_US_8partners!$A$2:$A$9,0),24))/(INDEX(Raw_US_8partners!$B$2:$Y$9,MATCH("Canada",Raw_US_8partners!$A$2:$A$9,0),24)+INDEX(Raw_US_8partners!$B$2:$Y$9,MATCH("China",Raw_US_8partners!$A$2:$A$9,0),24)+INDEX(Raw_US_8partners!$B$2:$Y$9,MATCH("Japan",Raw_US_8partners!$A$2:$A$9,0),24)+INDEX(Raw_US_8partners!$B$2:$Y$9,MATCH("Malaysia",Raw_US_8partners!$A$2:$A$9,0),24)+INDEX(Raw_US_8partners!$B$2:$Y$9,MATCH("Singapore",Raw_US_8partners!$A$2:$A$9,0),24)+INDEX(Raw_US_8partners!$B$2:$Y$9,MATCH("Thailand",Raw_US_8partners!$A$2:$A$9,0),24)+INDEX(Raw_US_8partners!$B$2:$Y$9,MATCH("Taiwan",Raw_US_8partners!$A$2:$A$9,0),24)+INDEX(Raw_US_8partners!$B$2:$Y$9,MATCH("Vietnam",Raw_US_8partners!$A$2:$A$9,0),24)) -> 0.043661555 | G10: =(INDEX(Raw_EU_HS8480!$B$2:$Y$9,MATCH("Malaysia",Raw_EU_HS8480!$A$2:$A$9,0),24)+INDEX(Raw_EU_HS8480!$B$2:$Y$9,MATCH("Thailand",Raw_EU_HS8480!$A$2:$A$9,0),24)+INDEX(Raw_EU_HS8480!$B$2:$Y$9,MATCH("Vietnam",Raw_EU_HS8480!$A$2:$A$9,0),24))/(INDEX(Raw_EU_HS8480!$B$2:$Y$9,MATCH("Canada",Raw_EU_HS8480!$A$2:$A$9,0),24)+INDEX(Raw_EU_HS8480!$B$2:$Y$9,MATCH("China",Raw_EU_HS8480!$A$2:$A$9,0),24)+INDEX(Raw_EU_HS8480!$B$2:$Y$9,MATCH("Japan",Raw_EU_HS8480!$A$2:$A$9,0),24)+INDEX(Raw_EU_HS8480!$B$2:$Y$9,MATCH("Malaysia",Raw_EU_HS8480!$A$2:$A$9,0),24)+INDEX(Raw_EU_HS8480!$B$2:$Y$9,MATCH("Singapore",Raw_EU_HS8480!$A$2:$A$9,0),24)+INDEX(Raw_EU_HS8480!$B$2:$Y$9,MATCH("Thailand",Raw_EU_HS8480!$A$2:$A$9,0),24)+INDEX(Raw_EU_HS8480!$B$2:$Y$9,MATCH("Taiwan",Raw_EU_HS8480!$A$2:$A$9,0),24)+INDEX(Raw_EU_HS8480!$B$2:$Y$9,MATCH("Vietnam",Raw_EU_HS8480!$A$2:$A$9,0),24)) -> 0.019693448
A11: SE Asia CAGR 2018–2025 | E11: =((INDEX(Raw_US_8partners!$B$2:$Y$9,MATCH("Malaysia",Raw_US_8partners!$A$2:$A$9,0),24)+INDEX(Raw_US_8partners!$B$2:$Y$9,MATCH("Thailand",Raw_US_8partners!$A$2:$A$9,0),24)+INDEX(Raw_US_8partners!$B$2:$Y$9,MATCH("Vietnam",Raw_US_8partners!$A$2:$A$9,0),24))/(INDEX(Raw_US_8partners!$B$2:$Y$9,MATCH("Malaysia",Raw_US_8partners!$A$2:$A$9,0),17)+INDEX(Raw_US_8partners!$B$2:$Y$9,MATCH("Thailand",Raw_US_8partners!$A$2:$A$9,0),17)+INDEX(Raw_US_8partners!$B$2:$Y$9,MATCH("Vietnam",Raw_US_8partners!$A$2:$A$9,0),17)))^(1/7)-1 -> 0.33911179 | G11: =((INDEX(Raw_EU_HS8480!$B$2:$Y$9,MATCH("Malaysia",Raw_EU_HS8480!$A$2:$A$9,0),24)+INDEX(Raw_EU_HS8480!$B$2:$Y$9,MATCH("Thailand",Raw_EU_HS8480!$A$2:$A$9,0),24)+INDEX(Raw_EU_HS8480!$B$2:$Y$9,MATCH("Vietnam",Raw_EU_HS8480!$A$2:$A$9,0),24))/(INDEX(Raw_EU_HS8480!$B$2:$Y$9,MATCH("Malaysia",Raw_EU_HS8480!$A$2:$A$9,0),17)+INDEX(Raw_EU_HS8480!$B$2:$Y$9,MATCH("Thailand",Raw_EU_HS8480!$A$2:$A$9,0),17)+INDEX(Raw_EU_HS8480!$B$2:$Y$9,MATCH("Vietnam",Raw_EU_HS8480!$A$2:$A$9,0),17)))^(1/7)-1 -> 0.017933184
A12: Basket total, 2025 (native ccy) | E12: =(INDEX(Raw_US_8partners!$B$2:$Y$9,MATCH("Canada",Raw_US_8partners!$A$2:$A$9,0),24)+INDEX(Raw_US_8partners!$B$2:$Y$9,MATCH("China",Raw_US_8partners!$A$2:$A$9,0),24)+INDEX(Raw_US_8partners!$B$2:$Y$9,MATCH("Japan",Raw_US_8partners!$A$2:$A$9,0),24)+INDEX(Raw_US_8partners!$B$2:$Y$9,MATCH("Malaysia",Raw_US_8partners!$A$2:$A$9,0),24)+INDEX(Raw_US_8partners!$B$2:$Y$9,MATCH("Singapore",Raw_US_8partners!$A$2:$A$9,0),24)+INDEX(Raw_US_8partners!$B$2:$Y$9,MATCH("Thailand",Raw_US_8partners!$A$2:$A$9,0),24)+INDEX(Raw_US_8partners!$B$2:$Y$9,MATCH("Taiwan",Raw_US_8partners!$A$2:$A$9,0),24)+INDEX(Raw_US_8partners!$B$2:$Y$9,MATCH("Vietnam",Raw_US_8partners!$A$2:$A$9,0),24)) -> 1443668447 | G12: =(INDEX(Raw_EU_HS8480!$B$2:$Y$9,MATCH("Canada",Raw_EU_HS8480!$A$2:$A$9,0),24)+INDEX(Raw_EU_HS8480!$B$2:$Y$9,MATCH("China",Raw_EU_HS8480!$A$2:$A$9,0),24)+INDEX(Raw_EU_HS8480!$B$2:$Y$9,MATCH("Japan",Raw_EU_HS8480!$A$2:$A$9,0),24)+INDEX(Raw_EU_HS8480!$B$2:$Y$9,MATCH("Malaysia",Raw_EU_HS8480!$A$2:$A$9,0),24)+INDEX(Raw_EU_HS8480!$B$2:$Y$9,MATCH("Singapore",Raw_EU_HS8480!$A$2:$A$9,0),24)+INDEX(Raw_EU_HS8480!$B$2:$Y$9,MATCH("Thailand",Raw_EU_HS8480!$A$2:$A$9,0),24)+INDEX(Raw_EU_HS8480!$B$2:$Y$9,MATCH("Taiwan",Raw_EU_HS8480!$A$2:$A$9,0),24)+INDEX(Raw_EU_HS8480!$B$2:$Y$9,MATCH("Vietnam",Raw_EU_HS8480!$A$2:$A$9,0),24)) -> 1695258152
A13: Imports from China, 2025 (native) | E13: =INDEX(Raw_US_8partners!$B$2:$Y$9,MATCH("China",Raw_US_8partners!$A$2:$A$9,0),24) -> 352766466 | G13: =INDEX(Raw_EU_HS8480!$B$2:$Y$9,MATCH("China",Raw_EU_HS8480!$A$2:$A$9,0),24) -> 1587398991
A15: Key findings
A16: 1. China+1 in moulds is a U.S. phenomenon, not a Western one. On the identical 8-supplier basket, China's share fell in the US (30%→24%, −7.3%/yr) but ROSE in the EU (88%→94%, +4.5%/yr) — China is at a record high into Europe.
A17: 2. The SE-Asia challengers (Malaysia+Thailand+Vietnam) surged in the US (+34%/yr, 0.4%→4.4% of basket) but stayed flat in the EU (~2%). European buyers have not diversified away from China.
A18: 3. Country signs flip: China −7% US / +5% EU; Malaysia +23% US / −9% EU; Thailand +42% US / +10% EU. Only Vietnam grows in BOTH markets (+22% US / +6.5% EU) — the most structurally competitive, least tariff-dependent SE-Asian supplier.
A19: 4. In absolute terms the EU now imports ~4–5× more Chinese mould value than the US (≈€1.59B vs ≈$0.35B), and the gap is still widening — the mirror image of the US, where Chinese buying peaked in 2018.
A20: 5. Read-through: the demand-side pull for China-alternative sourcing exists in the US market today, driven by US-specific trade policy (Section 301 since 2018, Section 232). It is largely absent in the EU. The tailwind is real but policy-contingent, not a universal structural shift.
A21: 6. Strategic implication: anchor the platform on US buyers first (behaviour change already underway); treat the EU as a latent/future market pending EU de-risking or CBAM catalysts. Favour Vietnam (robust in both markets); treat Malaysia's US momentum as more tariff-contingent (it is losing share in the EU).
A22: Scope note: the EU basket excludes intra-EU suppliers (Germany, Italy, Portugal), so '94%' = China's share of EU imports FROM these 8 non-EU countries, not of all EU mould sourcing. Currency differs (USD vs EUR); shares and CAGRs are currency-neutral and drive the comparison.

Sheet US_vs_EU_Comparison
A1: China & SE-Asia share of the 8-supplier basket, by year
A2: All values are live formulas referencing the raw sheets. US = US Census; EU = Eurostat Comext.
A4: Series | B4: 2002 | C4: 2003 | D4: 2004 | E4: 2005 | F4: 2006 | G4: 2007 | H4: 2008 | I4: 2009 | J4: 2010 | K4: 2011 | L4: 2012 | M4: 2013 | N4: 2014 | O4: 2015 | P4: 2016 | Q4: 2017 | R4: 2018 | S4: 2019 | T4: 2020 | U4: 2021 | V4: 2022 | W4: 2023 | X4: 2024 | Y4: 2025
A5: China % of basket — US | B5: =INDEX(Raw_US_8partners!$B$2:$Y$9,MATCH("China",Raw_US_8partners!$A$2:$A$9,0),1)/(INDEX(Raw_US_8partners!$B$2:$Y$9,MATCH("Canada",Raw_US_8partners!$A$2:$A$9,0),1)+INDEX(Raw_US_8partners!$B$2:$Y$9,MATCH("China",Raw_US_8partners!$A$2:$A$9,0),1)+INDEX(Raw_US_8partners!$B$2:$Y$9,MATCH("Japan",Raw_US_8partners!$A$2:$A$9,0),1)+INDEX(Raw_US_8partners!$B$2:$Y$9,MATCH("Malaysia",Raw_US_8partners!$A$2:$A$9,0),1)+INDEX(Raw_US_8partners!$B$2:$Y$9,MATCH("Singapore",Raw_US_8partners!$A$2:$A$9,0),1)+INDEX(Raw_US_8partners!$B$2:$Y$9,MATCH("Thailand",Raw_US_8partners!$A$2:$A$9,0),1)+INDEX(Raw_US_8partners!$B$2:$Y$9,MATCH("Taiwan",Raw_US_8partners!$A$2:$A$9,0),1)+INDEX(Raw_US_8partners!$B$2:$Y$9,MATCH("Vietnam",Raw_US_8partners!$A$2:$A$9,0),1)) -> 0.028363552 | C5: =INDEX(Raw_US_8partners!$B$2:$Y$9,MATCH("China",Raw_US_8partners!$A$2:$A$9,0),2)/(INDEX(Raw_US_8partners!$B$2:$Y$9,MATCH("Canada",Raw_US_8partners!$A$2:$A$9,0),2)+INDEX(Raw_US_8partners!$B$2:$Y$9,MATCH("China",Raw_US_8partners!$A$2:$A$9,0),2)+INDEX(Raw_US_8partners!$B$2:$Y$9,MATCH("Japan",Raw_US_8partners!$A$2:$A$9,0),2)+INDEX(Raw_US_8partners!$B$2:$Y$9,MATCH("Malaysia",Raw_US_8partners!$A$2:$A$9,0),2)+INDEX(Raw_US_8partners!$B$2:$Y$9,MATCH("Singapore",Raw_US_8partners!$A$2:$A$9,0),2)+INDEX(Raw_US_8partners!$B$2:$Y$9,MATCH("Thailand",Raw_US_8partners!$A$2:$A$9,0),2)+INDEX(Raw_US_8partners!$B$2:$Y$9,MATCH("Taiwan",Raw_US_8partners!$A$2:$A$9,0),2)+INDEX(Raw_US_8partners!$B$2:$Y$9,MATCH("Vietnam",Raw_US_8partners!$A$2:$A$9,0),2)) -> 0.03782481 | D5: =INDEX(Raw_US_8partners!$B$2:$Y$9,MATCH("China",Raw_US_8partners!$A$2:$A$9,0),3)/(INDEX(Raw_US_8partners!$B$2:$Y$9,MATCH("Canada",Raw_US_8partners!$A$2:$A$9,0),3)+INDEX(Raw_US_8partners!$B$2:$Y$9,MATCH("China",Raw_US_8partners!$A$2:$A$9,0),3)+INDEX(Raw_US_8partners!$B$2:$Y$9,MATCH("Japan",Raw_US_8partners!$A$2:$A$9,0),3)+INDEX(Raw_US_8partners!$B$2:$Y$9,MATCH("Malaysia",Raw_US_8partners!$A$2:$A$9,0),3)+INDEX(Raw_US_8partners!$B$2:$Y$9,MATCH("Singapore",Raw_US_8partners!$A$2:$A$9,0),3)+INDEX(Raw_US_8partners!$B$2:$Y$9,MATCH("Thailand",Raw_US_8partners!$A$2:$A$9,0),3)+INDEX(Raw_US_8partners!$B$2:$Y$9,MATCH("Taiwan",Raw_US_8partners!$A$2:$A$9,0),3)+INDEX(Raw_US_8partners!$B$2:$Y$9,MATCH("Vietnam",Raw_US_8partners!$A$2:$A$9,0),3)) -> 0.048346944 | E5: =INDEX(Raw_US_8partners!$B$2:$Y$9,MATCH("China",Raw_US_8partners!$A$2:$A$9,0),4)/(INDEX(Raw_US_8partners!$B$2:$Y$9,MATCH("Canada",Raw_US_8partners!$A$2:$A$9,0),4)+INDEX(Raw_US_8partners!$B$2:$Y$9,MATCH("China",Raw_US_8partners!$A$2:$A$9,0),4)+INDEX(Raw_US_8partners!$B$2:$Y$9,MATCH("Japan",Raw_US_8partners!$A$2:$A$9,0),4)+INDEX(Raw_US_8partners!$B$2:$Y$9,MATCH("Malaysia",Raw_US_8partners!$A$2:$A$9,0),4)+INDEX(Raw_US_8partners!$B$2:$Y$9,MATCH("Singapore",Raw_US_8partners!$A$2:$A$9,0),4)+INDEX(Raw_US_8partners!$B$2:$Y$9,MATCH("Thailand",Raw_US_8partners!$A$2:$A$9,0),4)+INDEX(Raw_US_8partners!$B$2:$Y$9,MATCH("Taiwan",Raw_US_8partners!$A$2:$A$9,0),4)+INDEX(Raw_US_8partners!$B$2:$Y$9,MATCH("Vietnam",Raw_US_8partners!$A$2:$A$9,0),4)) -> 0.06658864 | F5: =INDEX(Raw_US_8partners!$B$2:$Y$9,MATCH("China",Raw_US_8partners!$A$2:$A$9,0),5)/(INDEX(Raw_US_8partners!$B$2:$Y$9,MATCH("Canada",Raw_US_8partners!$A$2:$A$9,0),5)+INDEX(Raw_US_8partners!$B$2:$Y$9,MATCH("China",Raw_US_8partners!$A$2:$A$9,0),5)+INDEX(Raw_US_8partners!$B$2:$Y$9,MATCH("Japan",Raw_US_8partners!$A$2:$A$9,0),5)+INDEX(Raw_US_8partners!$B$2:$Y$9,MATCH("Malaysia",Raw_US_8partners!$A$2:$A$9,0),5)+INDEX(Raw_US_8partners!$B$2:$Y$9,MATCH("Singapore",Raw_US_8partners!$A$2:$A$9,0),5)+INDEX(Raw_US_8partners!$B$2:$Y$9,MATCH("Thailand",Raw_US_8partners!$A$2:$A$9,0),5)+INDEX(Raw_US_8partners!$B$2:$Y$9,MATCH("Taiwan",Raw_US_8partners!$A$2:$A$9,0),5)+INDEX(Raw_US_8partners!$B$2:$Y$9,MATCH("Vietnam",Raw_US_8partners!$A$2:$A$9,0),5)) -> 0.089614181 | G5: =INDEX(Raw_US_8partners!$B$2:$Y$9,MATCH("China",Raw_US_8partners!$A$2:$A$9,0),6)/(INDEX(Raw_US_8partners!$B$2:$Y$9,MATCH("Canada",Raw_US_8partners!$A$2:$A$9,0),6)+INDEX(Raw_US_8partners!$B$2:$Y$9,MATCH("China",Raw_US_8partners!$A$2:$A$9,0),6)+INDEX(Raw_US_8partners!$B$2:$Y$9,MATCH("Japan",Raw_US_8partners!$A$2:$A$9,0),6)+INDEX(Raw_US_8partners!$B$2:$Y$9,MATCH("Malaysia",Raw_US_8partners!$A$2:$A$9,0),6)+INDEX(Raw_US_8partners!$B$2:$Y$9,MATCH("Singapore",Raw_US_8partners!$A$2:$A$9,0),6)+INDEX(Raw_US_8partners!$B$2:$Y$9,MATCH("Thailand",Raw_US_8partners!$A$2:$A$9,0),6)+INDEX(Raw_US_8partners!$B$2:$Y$9,MATCH("Taiwan",Raw_US_8partners!$A$2:$A$9,0),6)+INDEX(Raw_US_8partners!$B$2:$Y$9,MATCH("Vietnam",Raw_US_8partners!$A$2:$A$9,0),6)) -> 0.14211843 | H5: =INDEX(Raw_US_8partners!$B$2:$Y$9,MATCH("China",Raw_US_8partners!$A$2:$A$9,0),7)/(INDEX(Raw_US_8partners!$B$2:$Y$9,MATCH("Canada",Raw_US_8partners!$A$2:$A$9,0),7)+INDEX(Raw_US_8partners!$B$2:$Y$9,MATCH("China",Raw_US_8partners!$A$2:$A$9,0),7)+INDEX(Raw_US_8partners!$B$2:$Y$9,MATCH("Japan",Raw_US_8partners!$A$2:$A$9,0),7)+INDEX(Raw_US_8partners!$B$2:$Y$9,MATCH("Malaysia",Raw_US_8partners!$A$2:$A$9,0),7)+INDEX(Raw_US_8partners!$B$2:$Y$9,MATCH("Singapore",Raw_US_8partners!$A$2:$A$9,0),7)+INDEX(Raw_US_8partners!$B$2:$Y$9,MATCH("Thailand",Raw_US_8partners!$A$2:$A$9,0),7)+INDEX(Raw_US_8partners!$B$2:$Y$9,MATCH("Taiwan",Raw_US_8partners!$A$2:$A$9,0),7)+INDEX(Raw_US_8partners!$B$2:$Y$9,MATCH("Vietnam",Raw_US_8partners!$A$2:$A$9,0),7)) -> 0.16061663 | I5: =INDEX(Raw_US_8partners!$B$2:$Y$9,MATCH("China",Raw_US_8partners!$A$2:$A$9,0),8)/(INDEX(Raw_US_8partners!$B$2:$Y$9,MATCH("Canada",Raw_US_8partners!$A$2:$A$9,0),8)+INDEX(Raw_US_8partners!$B$2:$Y$9,MATCH("China",Raw_US_8partners!$A$2:$A$9,0),8)+INDEX(Raw_US_8partners!$B$2:$Y$9,MATCH("Japan",Raw_US_8partners!$A$2:$A$9,0),8)+INDEX(Raw_US_8partners!$B$2:$Y$9,MATCH("Malaysia",Raw_US_8partners!$A$2:$A$9,0),8)+INDEX(Raw_US_8partners!$B$2:$Y$9,MATCH("Singapore",Raw_US_8partners!$A$2:$A$9,0),8)+INDEX(Raw_US_8partners!$B$2:$Y$9,MATCH("Thailand",Raw_US_8partners!$A$2:$A$9,0),8)+INDEX(Raw_US_8partners!$B$2:$Y$9,MATCH("Taiwan",Raw_US_8partners!$A$2:$A$9,0),8)+INDEX(Raw_US_8partners!$B$2:$Y$9,MATCH("Vietnam",Raw_US_8partners!$A$2:$A$9,0),8)) -> 0.18561031 | J5: =INDEX(Raw_US_8partners!$B$2:$Y$9,MATCH("China",Raw_US_8partners!$A$2:$A$9,0),9)/(INDEX(Raw_US_8partners!$B$2:$Y$9,MATCH("Canada",Raw_US_8partners!$A$2:$A$9,0),9)+INDEX(Raw_US_8partners!$B$2:$Y$9,MATCH("China",Raw_US_8partners!$A$2:$A$9,0),9)+INDEX(Raw_US_8partners!$B$2:$Y$9,MATCH("Japan",Raw_US_8partners!$A$2:$A$9,0),9)+INDEX(Raw_US_8partners!$B$2:$Y$9,MATCH("Malaysia",Raw_US_8partners!$A$2:$A$9,0),9)+INDEX(Raw_US_8partners!$B$2:$Y$9,MATCH("Singapore",Raw_US_8partners!$A$2:$A$9,0),9)+INDEX(Raw_US_8partners!$B$2:$Y$9,MATCH("Thailand",Raw_US_8partners!$A$2:$A$9,0),9)+INDEX(Raw_US_8partners!$B$2:$Y$9,MATCH("Taiwan",Raw_US_8partners!$A$2:$A$9,0),9)+INDEX(Raw_US_8partners!$B$2:$Y$9,MATCH("Vietnam",Raw_US_8partners!$A$2:$A$9,0),9)) -> 0.22401012 | K5: =INDEX(Raw_US_8partners!$B$2:$Y$9,MATCH("China",Raw_US_8partners!$A$2:$A$9,0),10)/(INDEX(Raw_US_8partners!$B$2:$Y$9,MATCH("Canada",Raw_US_8partners!$A$2:$A$9,0),10)+INDEX(Raw_US_8partners!$B$2:$Y$9,MATCH("China",Raw_US_8partners!$A$2:$A$9,0),10)+INDEX(Raw_US_8partners!$B$2:$Y$9,MATCH("Japan",Raw_US_8partners!$A$2:$A$9,0),10)+INDEX(Raw_US_8partners!$B$2:$Y$9,MATCH("Malaysia",Raw_US_8partners!$A$2:$A$9,0),10)+INDEX(Raw_US_8partners!$B$2:$Y$9,MATCH("Singapore",Raw_US_8partners!$A$2:$A$9,0),10)+INDEX(Raw_US_8partners!$B$2:$Y$9,MATCH("Thailand",Raw_US_8partners!$A$2:$A$9,0),10)+INDEX(Raw_US_8partners!$B$2:$Y$9,MATCH("Taiwan",Raw_US_8partners!$A$2:$A$9,0),10)+INDEX(Raw_US_8partners!$B$2:$Y$9,MATCH("Vietnam",Raw_US_8partners!$A$2:$A$9,0),10)) -> 0.25647937 | L5: =INDEX(Raw_US_8partners!$B$2:$Y$9,MATCH("China",Raw_US_8partners!$A$2:$A$9,0),11)/(INDEX(Raw_US_8partners!$B$2:$Y$9,MATCH("Canada",Raw_US_8partners!$A$2:$A$9,0),11)+INDEX(Raw_US_8partners!$B$2:$Y$9,MATCH("China",Raw_US_8partners!$A$2:$A$9,0),11)+INDEX(Raw_US_8partners!$B$2:$Y$9,MATCH("Japan",Raw_US_8partners!$A$2:$A$9,0),11)+INDEX(Raw_US_8partners!$B$2:$Y$9,MATCH("Malaysia",Raw_US_8partners!$A$2:$A$9,0),11)+INDEX(Raw_US_8partners!$B$2:$Y$9,MATCH("Singapore",Raw_US_8partners!$A$2:$A$9,0),11)+INDEX(Raw_US_8partners!$B$2:$Y$9,MATCH("Thailand",Raw_US_8partners!$A$2:$A$9,0),11)+INDEX(Raw_US_8partners!$B$2:$Y$9,MATCH("Taiwan",Raw_US_8partners!$A$2:$A$9,0),11)+INDEX(Raw_US_8partners!$B$2:$Y$9,MATCH("Vietnam",Raw_US_8partners!$A$2:$A$9,0),11)) -> 0.27285783 | M5: =INDEX(Raw_US_8partners!$B$2:$Y$9,MATCH("China",Raw_US_8partners!$A$2:$A$9,0),12)/(INDEX(Raw_US_8partners!$B$2:$Y$9,MATCH("Canada",Raw_US_8partners!$A$2:$A$9,0),12)+INDEX(Raw_US_8partners!$B$2:$Y$9,MATCH("China",Raw_US_8partners!$A$2:$A$9,0),12)+INDEX(Raw_US_8partners!$B$2:$Y$9,MATCH("Japan",Raw_US_8partners!$A$2:$A$9,0),12)+INDEX(Raw_US_8partners!$B$2:$Y$9,MATCH("Malaysia",Raw_US_8partners!$A$2:$A$9,0),12)+INDEX(Raw_US_8partners!$B$2:$Y$9,MATCH("Singapore",Raw_US_8partners!$A$2:$A$9,0),12)+INDEX(Raw_US_8partners!$B$2:$Y$9,MATCH("Thailand",Raw_US_8partners!$A$2:$A$9,0),12)+INDEX(Raw_US_8partners!$B$2:$Y$9,MATCH("Taiwan",Raw_US_8partners!$A$2:$A$9,0),12)+INDEX(Raw_US_8partners!$B$2:$Y$9,MATCH("Vietnam",Raw_US_8partners!$A$2:$A$9,0),12)) -> 0.26367397 | N5: =INDEX(Raw_US_8partners!$B$2:$Y$9,MATCH("China",Raw_US_8partners!$A$2:$A$9,0),13)/(INDEX(Raw_US_8partners!$B$2:$Y$9,MATCH("Canada",Raw_US_8partners!$A$2:$A$9,0),13)+INDEX(Raw_US_8partners!$B$2:$Y$9,MATCH("China",Raw_US_8partners!$A$2:$A$9,0),13)+INDEX(Raw_US_8partners!$B$2:$Y$9,MATCH("Japan",Raw_US_8partners!$A$2:$A$9,0),13)+INDEX(Raw_US_8partners!$B$2:$Y$9,MATCH("Malaysia",Raw_US_8partners!$A$2:$A$9,0),13)+INDEX(Raw_US_8partners!$B$2:$Y$9,MATCH("Singapore",Raw_US_8partners!$A$2:$A$9,0),13)+INDEX(Raw_US_8partners!$B$2:$Y$9,MATCH("Thailand",Raw_US_8partners!$A$2:$A$9,0),13)+INDEX(Raw_US_8partners!$B$2:$Y$9,MATCH("Taiwan",Raw_US_8partners!$A$2:$A$9,0),13)+INDEX(Raw_US_8partners!$B$2:$Y$9,MATCH("Vietnam",Raw_US_8partners!$A$2:$A$9,0),13)) -> 0.27921638 | O5: =INDEX(Raw_US_8partners!$B$2:$Y$9,MATCH("China",Raw_US_8partners!$A$2:$A$9,0),14)/(INDEX(Raw_US_8partners!$B$2:$Y$9,MATCH("Canada",Raw_US_8partners!$A$2:$A$9,0),14)+INDEX(Raw_US_8partners!$B$2:$Y$9,MATCH("China",Raw_US_8partners!$A$2:$A$9,0),14)+INDEX(Raw_US_8partners!$B$2:$Y$9,MATCH("Japan",Raw_US_8partners!$A$2:$A$9,0),14)+INDEX(Raw_US_8partners!$B$2:$Y$9,MATCH("Malaysia",Raw_US_8partners!$A$2:$A$9,0),14)+INDEX(Raw_US_8partners!$B$2:$Y$9,MATCH("Singapore",Raw_US_8partners!$A$2:$A$9,0),14)+INDEX(Raw_US_8partners!$B$2:$Y$9,MATCH("Thailand",Raw_US_8partners!$A$2:$A$9,0),14)+INDEX(Raw_US_8partners!$B$2:$Y$9,MATCH("Taiwan",Raw_US_8partners!$A$2:$A$9,0),14)+INDEX(Raw_US_8partners!$B$2:$Y$9,MATCH("Vietnam",Raw_US_8partners!$A$2:$A$9,0),14)) -> 0.29825859 | P5: =INDEX(Raw_US_8partners!$B$2:$Y$9,MATCH("China",Raw_US_8partners!$A$2:$A$9,0),15)/(INDEX(Raw_US_8partners!$B$2:$Y$9,MATCH("Canada",Raw_US_8partners!$A$2:$A$9,0),15)+INDEX(Raw_US_8partners!$B$2:$Y$9,MATCH("China",Raw_US_8partners!$A$2:$A$9,0),15)+INDEX(Raw_US_8partners!$B$2:$Y$9,MATCH("Japan",Raw_US_8partners!$A$2:$A$9,0),15)+INDEX(Raw_US_8partners!$B$2:$Y$9,MATCH("Malaysia",Raw_US_8partners!$A$2:$A$9,0),15)+INDEX(Raw_US_8partners!$B$2:$Y$9,MATCH("Singapore",Raw_US_8partners!$A$2:$A$9,0),15)+INDEX(Raw_US_8partners!$B$2:$Y$9,MATCH("Thailand",Raw_US_8partners!$A$2:$A$9,0),15)+INDEX(Raw_US_8partners!$B$2:$Y$9,MATCH("Taiwan",Raw_US_8partners!$A$2:$A$9,0),15)+INDEX(Raw_US_8partners!$B$2:$Y$9,MATCH("Vietnam",Raw_US_8partners!$A$2:$A$9,0),15)) -> 0.27653697 | Q5: =INDEX(Raw_US_8partners!$B$2:$Y$9,MATCH("China",Raw_US_8partners!$A$2:$A$9,0),16)/(INDEX(Raw_US_8partners!$B$2:$Y$9,MATCH("Canada",Raw_US_8partners!$A$2:$A$9,0),16)+INDEX(Raw_US_8partners!$B$2:$Y$9,MATCH("China",Raw_US_8partners!$A$2:$A$9,0),16)+INDEX(Raw_US_8partners!$B$2:$Y$9,MATCH("Japan",Raw_US_8partners!$A$2:$A$9,0),16)+INDEX(Raw_US_8partners!$B$2:$Y$9,MATCH("Malaysia",Raw_US_8partners!$A$2:$A$9,0),16)+INDEX(Raw_US_8partners!$B$2:$Y$9,MATCH("Singapore",Raw_US_8partners!$A$2:$A$9,0),16)+INDEX(Raw_US_8partners!$B$2:$Y$9,MATCH("Thailand",Raw_US_8partners!$A$2:$A$9,0),16)+INDEX(Raw_US_8partners!$B$2:$Y$9,MATCH("Taiwan",Raw_US_8partners!$A$2:$A$9,0),16)+INDEX(Raw_US_8partners!$B$2:$Y$9,MATCH("Vietnam",Raw_US_8partners!$A$2:$A$9,0),16)) -> 0.29625189 | R5: =INDEX(Raw_US_8partners!$B$2:$Y$9,MATCH("China",Raw_US_8partners!$A$2:$A$9,0),17)/(INDEX(Raw_US_8partners!$B$2:$Y$9,MATCH("Canada",Raw_US_8partners!$A$2:$A$9,0),17)+INDEX(Raw_US_8partners!$B$2:$Y$9,MATCH("China",Raw_US_8partners!$A$2:$A$9,0),17)+INDEX(Raw_US_8partners!$B$2:$Y$9,MATCH("Japan",Raw_US_8partners!$A$2:$A$9,0),17)+INDEX(Raw_US_8partners!$B$2:$Y$9,MATCH("Malaysia",Raw_US_8partners!$A$2:$A$9,0),17)+INDEX(Raw_US_8partners!$B$2:$Y$9,MATCH("Singapore",Raw_US_8partners!$A$2:$A$9,0),17)+INDEX(Raw_US_8partners!$B$2:$Y$9,MATCH("Thailand",Raw_US_8partners!$A$2:$A$9,0),17)+INDEX(Raw_US_8partners!$B$2:$Y$9,MATCH("Taiwan",Raw_US_8partners!$A$2:$A$9,0),17)+INDEX(Raw_US_8partners!$B$2:$Y$9,MATCH("Vietnam",Raw_US_8partners!$A$2:$A$9,0),17)) -> 0.30229939 | S5: =INDEX(Raw_US_8partners!$B$2:$Y$9,MATCH("China",Raw_US_8partners!$A$2:$A$9,0),18)/(INDEX(Raw_US_8partners!$B$2:$Y$9,MATCH("Canada",Raw_US_8partners!$A$2:$A$9,0),18)+INDEX(Raw_US_8partners!$B$2:$Y$9,MATCH("China",Raw_US_8partners!$A$2:$A$9,0),18)+INDEX(Raw_US_8partners!$B$2:$Y$9,MATCH("Japan",Raw_US_8partners!$A$2:$A$9,0),18)+INDEX(Raw_US_8partners!$B$2:$Y$9,MATCH("Malaysia",Raw_US_8partners!$A$2:$A$9,0),18)+INDEX(Raw_US_8partners!$B$2:$Y$9,MATCH("Singapore",Raw_US_8partners!$A$2:$A$9,0),18)+INDEX(Raw_US_8partners!$B$2:$Y$9,MATCH("Thailand",Raw_US_8partners!$A$2:$A$9,0),18)+INDEX(Raw_US_8partners!$B$2:$Y$9,MATCH("Taiwan",Raw_US_8partners!$A$2:$A$9,0),18)+INDEX(Raw_US_8partners!$B$2:$Y$9,MATCH("Vietnam",Raw_US_8partners!$A$2:$A$9,0),18)) -> 0.29168691 | T5: =INDEX(Raw_US_8partners!$B$2:$Y$9,MATCH("China",Raw_US_8partners!$A$2:$A$9,0),19)/(INDEX(Raw_US_8partners!$B$2:$Y$9,MATCH("Canada",Raw_US_8partners!$A$2:$A$9,0),19)+INDEX(Raw_US_8partners!$B$2:$Y$9,MATCH("China",Raw_US_8partners!$A$2:$A$9,0),19)+INDEX(Raw_US_8partners!$B$2:$Y$9,MATCH("Japan",Raw_US_8partners!$A$2:$A$9,0),19)+INDEX(Raw_US_8partners!$B$2:$Y$9,MATCH("Malaysia",Raw_US_8partners!$A$2:$A$9,0),19)+INDEX(Raw_US_8partners!$B$2:$Y$9,MATCH("Singapore",Raw_US_8partners!$A$2:$A$9,0),19)+INDEX(Raw_US_8partners!$B$2:$Y$9,MATCH("Thailand",Raw_US_8partners!$A$2:$A$9,0),19)+INDEX(Raw_US_8partners!$B$2:$Y$9,MATCH("Taiwan",Raw_US_8partners!$A$2:$A$9,0),19)+INDEX(Raw_US_8partners!$B$2:$Y$9,MATCH("Vietnam",Raw_US_8partners!$A$2:$A$9,0),19)) -> 0.26952113 | U5: =INDEX(Raw_US_8partners!$B$2:$Y$9,MATCH("China",Raw_US_8partners!$A$2:$A$9,0),20)/(INDEX(Raw_US_8partners!$B$2:$Y$9,MATCH("Canada",Raw_US_8partners!$A$2:$A$9,0),20)+INDEX(Raw_US_8partners!$B$2:$Y$9,MATCH("China",Raw_US_8partners!$A$2:$A$9,0),20)+INDEX(Raw_US_8partners!$B$2:$Y$9,MATCH("Japan",Raw_US_8partners!$A$2:$A$9,0),20)+INDEX(Raw_US_8partners!$B$2:$Y$9,MATCH("Malaysia",Raw_US_8partners!$A$2:$A$9,0),20)+INDEX(Raw_US_8partners!$B$2:$Y$9,MATCH("Singapore",Raw_US_8partners!$A$2:$A$9,0),20)+INDEX(Raw_US_8partners!$B$2:$Y$9,MATCH("Thailand",Raw_US_8partners!$A$2:$A$9,0),20)+INDEX(Raw_US_8partners!$B$2:$Y$9,MATCH("Taiwan",Raw_US_8partners!$A$2:$A$9,0),20)+INDEX(Raw_US_8partners!$B$2:$Y$9,MATCH("Vietnam",Raw_US_8partners!$A$2:$A$9,0),20)) -> 0.25753441 | V5: =INDEX(Raw_US_8partners!$B$2:$Y$9,MATCH("China",Raw_US_8partners!$A$2:$A$9,0),21)/(INDEX(Raw_US_8partners!$B$2:$Y$9,MATCH("Canada",Raw_US_8partners!$A$2:$A$9,0),21)+INDEX(Raw_US_8partners!$B$2:$Y$9,MATCH("China",Raw_US_8partners!$A$2:$A$9,0),21)+INDEX(Raw_US_8partners!$B$2:$Y$9,MATCH("Japan",Raw_US_8partners!$A$2:$A$9,0),21)+INDEX(Raw_US_8partners!$B$2:$Y$9,MATCH("Malaysia",Raw_US_8partners!$A$2:$A$9,0),21)+INDEX(Raw_US_8partners!$B$2:$Y$9,MATCH("Singapore",Raw_US_8partners!$A$2:$A$9,0),21)+INDEX(Raw_US_8partners!$B$2:$Y$9,MATCH("Thailand",Raw_US_8partners!$A$2:$A$9,0),21)+INDEX(Raw_US_8partners!$B$2:$Y$9,MATCH("Taiwan",Raw_US_8partners!$A$2:$A$9,0),21)+INDEX(Raw_US_8partners!$B$2:$Y$9,MATCH("Vietnam",Raw_US_8partners!$A$2:$A$9,0),21)) -> 0.24422588 | W5: =INDEX(Raw_US_8partners!$B$2:$Y$9,MATCH("China",Raw_US_8partners!$A$2:$A$9,0),22)/(INDEX(Raw_US_8partners!$B$2:$Y$9,MATCH("Canada",Raw_US_8partners!$A$2:$A$9,0),22)+INDEX(Raw_US_8partners!$B$2:$Y$9,MATCH("China",Raw_US_8partners!$A$2:$A$9,0),22)+INDEX(Raw_US_8partners!$B$2:$Y$9,MATCH("Japan",Raw_US_8partners!$A$2:$A$9,0),22)+INDEX(Raw_US_8partners!$B$2:$Y$9,MATCH("Malaysia",Raw_US_8partners!$A$2:$A$9,0),22)+INDEX(Raw_US_8partners!$B$2:$Y$9,MATCH("Singapore",Raw_US_8partners!$A$2:$A$9,0),22)+INDEX(Raw_US_8partners!$B$2:$Y$9,MATCH("Thailand",Raw_US_8partners!$A$2:$A$9,0),22)+INDEX(Raw_US_8partners!$B$2:$Y$9,MATCH("Taiwan",Raw_US_8partners!$A$2:$A$9,0),22)+INDEX(Raw_US_8partners!$B$2:$Y$9,MATCH("Vietnam",Raw_US_8partners!$A$2:$A$9,0),22)) -> 0.23059029 | X5: =INDEX(Raw_US_8partners!$B$2:$Y$9,MATCH("China",Raw_US_8partners!$A$2:$A$9,0),23)/(INDEX(Raw_US_8partners!$B$2:$Y$9,MATCH("Canada",Raw_US_8partners!$A$2:$A$9,0),23)+INDEX(Raw_US_8partners!$B$2:$Y$9,MATCH("China",Raw_US_8partners!$A$2:$A$9,0),23)+INDEX(Raw_US_8partners!$B$2:$Y$9,MATCH("Japan",Raw_US_8partners!$A$2:$A$9,0),23)+INDEX(Raw_US_8partners!$B$2:$Y$9,MATCH("Malaysia",Raw_US_8partners!$A$2:$A$9,0),23)+INDEX(Raw_US_8partners!$B$2:$Y$9,MATCH("Singapore",Raw_US_8partners!$A$2:$A$9,0),23)+INDEX(Raw_US_8partners!$B$2:$Y$9,MATCH("Thailand",Raw_US_8partners!$A$2:$A$9,0),23)+INDEX(Raw_US_8partners!$B$2:$Y$9,MATCH("Taiwan",Raw_US_8partners!$A$2:$A$9,0),23)+INDEX(Raw_US_8partners!$B$2:$Y$9,MATCH("Vietnam",Raw_US_8partners!$A$2:$A$9,0),23)) -> 0.24908922 | Y5: =INDEX(Raw_US_8partners!$B$2:$Y$9,MATCH("China",Raw_US_8partners!$A$2:$A$9,0),24)/(INDEX(Raw_US_8partners!$B$2:$Y$9,MATCH("Canada",Raw_US_8partners!$A$2:$A$9,0),24)+INDEX(Raw_US_8partners!$B$2:$Y$9,MATCH("China",Raw_US_8partners!$A$2:$A$9,0),24)+INDEX(Raw_US_8partners!$B$2:$Y$9,MATCH("Japan",Raw_US_8partners!$A$2:$A$9,0),24)+INDEX(Raw_US_8partners!$B$2:$Y$9,MATCH("Malaysia",Raw_US_8partners!$A$2:$A$9,0),24)+INDEX(Raw_US_8partners!$B$2:$Y$9,MATCH("Singapore",Raw_US_8partners!$A$2:$A$9,0),24)+INDEX(Raw_US_8partners!$B$2:$Y$9,MATCH("Thailand",Raw_US_8partners!$A$2:$A$9,0),24)+INDEX(Raw_US_8partners!$B$2:$Y$9,MATCH("Taiwan",Raw_US_8partners!$A$2:$A$9,0),24)+INDEX(Raw_US_8partners!$B$2:$Y$9,MATCH("Vietnam",Raw_US_8partners!$A$2:$A$9,0),24)) -> 0.24435421
A6: China % of basket — EU | B6: =INDEX(Raw_EU_HS8480!$B$2:$Y$9,MATCH("China",Raw_EU_HS8480!$A$2:$A$9,0),1)/(INDEX(Raw_EU_HS8480!$B$2:$Y$9,MATCH("Canada",Raw_EU_HS8480!$A$2:$A$9,0),1)+INDEX(Raw_EU_HS8480!$B$2:$Y$9,MATCH("China",Raw_EU_HS8480!$A$2:$A$9,0),1)+INDEX(Raw_EU_HS8480!$B$2:$Y$9,MATCH("Japan",Raw_EU_HS8480!$A$2:$A$9,0),1)+INDEX(Raw_EU_HS8480!$B$2:$Y$9,MATCH("Malaysia",Raw_EU_HS8480!$A$2:$A$9,0),1)+INDEX(Raw_EU_HS8480!$B$2:$Y$9,MATCH("Singapore",Raw_EU_HS8480!$A$2:$A$9,0),1)+INDEX(Raw_EU_HS8480!$B$2:$Y$9,MATCH("Thailand",Raw_EU_HS8480!$A$2:$A$9,0),1)+INDEX(Raw_EU_HS8480!$B$2:$Y$9,MATCH("Taiwan",Raw_EU_HS8480!$A$2:$A$9,0),1)+INDEX(Raw_EU_HS8480!$B$2:$Y$9,MATCH("Vietnam",Raw_EU_HS8480!$A$2:$A$9,0),1)) -> 0.20434125 | C6: =INDEX(Raw_EU_HS8480!$B$2:$Y$9,MATCH("China",Raw_EU_HS8480!$A$2:$A$9,0),2)/(INDEX(Raw_EU_HS8480!$B$2:$Y$9,MATCH("Canada",Raw_EU_HS8480!$A$2:$A$9,0),2)+INDEX(Raw_EU_HS8480!$B$2:$Y$9,MATCH("China",Raw_EU_HS8480!$A$2:$A$9,0),2)+INDEX(Raw_EU_HS8480!$B$2:$Y$9,MATCH("Japan",Raw_EU_HS8480!$A$2:$A$9,0),2)+INDEX(Raw_EU_HS8480!$B$2:$Y$9,MATCH("Malaysia",Raw_EU_HS8480!$A$2:$A$9,0),2)+INDEX(Raw_EU_HS8480!$B$2:$Y$9,MATCH("Singapore",Raw_EU_HS8480!$A$2:$A$9,0),2)+INDEX(Raw_EU_HS8480!$B$2:$Y$9,MATCH("Thailand",Raw_EU_HS8480!$A$2:$A$9,0),2)+INDEX(Raw_EU_HS8480!$B$2:$Y$9,MATCH("Taiwan",Raw_EU_HS8480!$A$2:$A$9,0),2)+INDEX(Raw_EU_HS8480!$B$2:$Y$9,MATCH("Vietnam",Raw_EU_HS8480!$A$2:$A$9,0),2)) -> 0.23998702 | D6: =INDEX(Raw_EU_HS8480!$B$2:$Y$9,MATCH("China",Raw_EU_HS8480!$A$2:$A$9,0),3)/(INDEX(Raw_EU_HS8480!$B$2:$Y$9,MATCH("Canada",Raw_EU_HS8480!$A$2:$A$9,0),3)+INDEX(Raw_EU_HS8480!$B$2:$Y$9,MATCH("China",Raw_EU_HS8480!$A$2:$A$9,0),3)+INDEX(Raw_EU_HS8480!$B$2:$Y$9,MATCH("Japan",Raw_EU_HS8480!$A$2:$A$9,0),3)+INDEX(Raw_EU_HS8480!$B$2:$Y$9,MATCH("Malaysia",Raw_EU_HS8480!$A$2:$A$9,0),3)+INDEX(Raw_EU_HS8480!$B$2:$Y$9,MATCH("Singapore",Raw_EU_HS8480!$A$2:$A$9,0),3)+INDEX(Raw_EU_HS8480!$B$2:$Y$9,MATCH("Thailand",Raw_EU_HS8480!$A$2:$A$9,0),3)+INDEX(Raw_EU_HS8480!$B$2:$Y$9,MATCH("Taiwan",Raw_EU_HS8480!$A$2:$A$9,0),3)+INDEX(Raw_EU_HS8480!$B$2:$Y$9,MATCH("Vietnam",Raw_EU_HS8480!$A$2:$A$9,0),3)) -> 0.33579422 | E6: =INDEX(Raw_EU_HS8480!$B$2:$Y$9,MATCH("China",Raw_EU_HS8480!$A$2:$A$9,0),4)/(INDEX(Raw_EU_HS8480!$B$2:$Y$9,MATCH("Canada",Raw_EU_HS8480!$A$2:$A$9,0),4)+INDEX(Raw_EU_HS8480!$B$2:$Y$9,MATCH("China",Raw_EU_HS8480!$A$2:$A$9,0),4)+INDEX(Raw_EU_HS8480!$B$2:$Y$9,MATCH("Japan",Raw_EU_HS8480!$A$2:$A$9,0),4)+INDEX(Raw_EU_HS8480!$B$2:$Y$9,MATCH("Malaysia",Raw_EU_HS8480!$A$2:$A$9,0),4)+INDEX(Raw_EU_HS8480!$B$2:$Y$9,MATCH("Singapore",Raw_EU_HS8480!$A$2:$A$9,0),4)+INDEX(Raw_EU_HS8480!$B$2:$Y$9,MATCH("Thailand",Raw_EU_HS8480!$A$2:$A$9,0),4)+INDEX(Raw_EU_HS8480!$B$2:$Y$9,MATCH("Taiwan",Raw_EU_HS8480!$A$2:$A$9,0),4)+INDEX(Raw_EU_HS8480!$B$2:$Y$9,MATCH("Vietnam",Raw_EU_HS8480!$A$2:$A$9,0),4)) -> 0.44753642 | F6: =INDEX(Raw_EU_HS8480!$B$2:$Y$9,MATCH("China",Raw_EU_HS8480!$A$2:$A$9,0),5)/(INDEX(Raw_EU_HS8480!$B$2:$Y$9,MATCH("Canada",Raw_EU_HS8480!$A$2:$A$9,0),5)+INDEX(Raw_EU_HS8480!$B$2:$Y$9,MATCH("China",Raw_EU_HS8480!$A$2:$A$9,0),5)+INDEX(Raw_EU_HS8480!$B$2:$Y$9,MATCH("Japan",Raw_EU_HS8480!$A$2:$A$9,0),5)+INDEX(Raw_EU_HS8480!$B$2:$Y$9,MATCH("Malaysia",Raw_EU_HS8480!$A$2:$A$9,0),5)+INDEX(Raw_EU_HS8480!$B$2:$Y$9,MATCH("Singapore",Raw_EU_HS8480!$A$2:$A$9,0),5)+INDEX(Raw_EU_HS8480!$B$2:$Y$9,MATCH("Thailand",Raw_EU_HS8480!$A$2:$A$9,0),5)+INDEX(Raw_EU_HS8480!$B$2:$Y$9,MATCH("Taiwan",Raw_EU_HS8480!$A$2:$A$9,0),5)+INDEX(Raw_EU_HS8480!$B$2:$Y$9,MATCH("Vietnam",Raw_EU_HS8480!$A$2:$A$9,0),5)) -> 0.52896218 | G6: =INDEX(Raw_EU_HS8480!$B$2:$Y$9,MATCH("China",Raw_EU_HS8480!$A$2:$A$9,0),6)/(INDEX(Raw_EU_HS8480!$B$2:$Y$9,MATCH("Canada",Raw_EU_HS8480!$A$2:$A$9,0),6)+INDEX(Raw_EU_HS8480!$B$2:$Y$9,MATCH("China",Raw_EU_HS8480!$A$2:$A$9,0),6)+INDEX(Raw_EU_HS8480!$B$2:$Y$9,MATCH("Japan",Raw_EU_HS8480!$A$2:$A$9,0),6)+INDEX(Raw_EU_HS8480!$B$2:$Y$9,MATCH("Malaysia",Raw_EU_HS8480!$A$2:$A$9,0),6)+INDEX(Raw_EU_HS8480!$B$2:$Y$9,MATCH("Singapore",Raw_EU_HS8480!$A$2:$A$9,0),6)+INDEX(Raw_EU_HS8480!$B$2:$Y$9,MATCH("Thailand",Raw_EU_HS8480!$A$2:$A$9,0),6)+INDEX(Raw_EU_HS8480!$B$2:$Y$9,MATCH("Taiwan",Raw_EU_HS8480!$A$2:$A$9,0),6)+INDEX(Raw_EU_HS8480!$B$2:$Y$9,MATCH("Vietnam",Raw_EU_HS8480!$A$2:$A$9,0),6)) -> 0.59851864 | H6: =INDEX(Raw_EU_HS8480!$B$2:$Y$9,MATCH("China",Raw_EU_HS8480!$A$2:$A$9,0),7)/(INDEX(Raw_EU_HS8480!$B$2:$Y$9,MATCH("Canada",Raw_EU_HS8480!$A$2:$A$9,0),7)+INDEX(Raw_EU_HS8480!$B$2:$Y$9,MATCH("China",Raw_EU_HS8480!$A$2:$A$9,0),7)+INDEX(Raw_EU_HS8480!$B$2:$Y$9,MATCH("Japan",Raw_EU_HS8480!$A$2:$A$9,0),7)+INDEX(Raw_EU_HS8480!$B$2:$Y$9,MATCH("Malaysia",Raw_EU_HS8480!$A$2:$A$9,0),7)+INDEX(Raw_EU_HS8480!$B$2:$Y$9,MATCH("Singapore",Raw_EU_HS8480!$A$2:$A$9,0),7)+INDEX(Raw_EU_HS8480!$B$2:$Y$9,MATCH("Thailand",Raw_EU_HS8480!$A$2:$A$9,0),7)+INDEX(Raw_EU_HS8480!$B$2:$Y$9,MATCH("Taiwan",Raw_EU_HS8480!$A$2:$A$9,0),7)+INDEX(Raw_EU_HS8480!$B$2:$Y$9,MATCH("Vietnam",Raw_EU_HS8480!$A$2:$A$9,0),7)) -> 0.63537817 | I6: =INDEX(Raw_EU_HS8480!$B$2:$Y$9,MATCH("China",Raw_EU_HS8480!$A$2:$A$9,0),8)/(INDEX(Raw_EU_HS8480!$B$2:$Y$9,MATCH("Canada",Raw_EU_HS8480!$A$2:$A$9,0),8)+INDEX(Raw_EU_HS8480!$B$2:$Y$9,MATCH("China",Raw_EU_HS8480!$A$2:$A$9,0),8)+INDEX(Raw_EU_HS8480!$B$2:$Y$9,MATCH("Japan",Raw_EU_HS8480!$A$2:$A$9,0),8)+INDEX(Raw_EU_HS8480!$B$2:$Y$9,MATCH("Malaysia",Raw_EU_HS8480!$A$2:$A$9,0),8)+INDEX(Raw_EU_HS8480!$B$2:$Y$9,MATCH("Singapore",Raw_EU_HS8480!$A$2:$A$9,0),8)+INDEX(Raw_EU_HS8480!$B$2:$Y$9,MATCH("Thailand",Raw_EU_HS8480!$A$2:$A$9,0),8)+INDEX(Raw_EU_HS8480!$B$2:$Y$9,MATCH("Taiwan",Raw_EU_HS8480!$A$2:$A$9,0),8)+INDEX(Raw_EU_HS8480!$B$2:$Y$9,MATCH("Vietnam",Raw_EU_HS8480!$A$2:$A$9,0),8)) -> 0.65417863 | J6: =INDEX(Raw_EU_HS8480!$B$2:$Y$9,MATCH("China",Raw_EU_HS8480!$A$2:$A$9,0),9)/(INDEX(Raw_EU_HS8480!$B$2:$Y$9,MATCH("Canada",Raw_EU_HS8480!$A$2:$A$9,0),9)+INDEX(Raw_EU_HS8480!$B$2:$Y$9,MATCH("China",Raw_EU_HS8480!$A$2:$A$9,0),9)+INDEX(Raw_EU_HS8480!$B$2:$Y$9,MATCH("Japan",Raw_EU_HS8480!$A$2:$A$9,0),9)+INDEX(Raw_EU_HS8480!$B$2:$Y$9,MATCH("Malaysia",Raw_EU_HS8480!$A$2:$A$9,0),9)+INDEX(Raw_EU_HS8480!$B$2:$Y$9,MATCH("Singapore",Raw_EU_HS8480!$A$2:$A$9,0),9)+INDEX(Raw_EU_HS8480!$B$2:$Y$9,MATCH("Thailand",Raw_EU_HS8480!$A$2:$A$9,0),9)+INDEX(Raw_EU_HS8480!$B$2:$Y$9,MATCH("Taiwan",Raw_EU_HS8480!$A$2:$A$9,0),9)+INDEX(Raw_EU_HS8480!$B$2:$Y$9,MATCH("Vietnam",Raw_EU_HS8480!$A$2:$A$9,0),9)) -> 0.68919766 | K6: =INDEX(Raw_EU_HS8480!$B$2:$Y$9,MATCH("China",Raw_EU_HS8480!$A$2:$A$9,0),10)/(INDEX(Raw_EU_HS8480!$B$2:$Y$9,MATCH("Canada",Raw_EU_HS8480!$A$2:$A$9,0),10)+INDEX(Raw_EU_HS8480!$B$2:$Y$9,MATCH("China",Raw_EU_HS8480!$A$2:$A$9,0),10)+INDEX(Raw_EU_HS8480!$B$2:$Y$9,MATCH("Japan",Raw_EU_HS8480!$A$2:$A$9,0),10)+INDEX(Raw_EU_HS8480!$B$2:$Y$9,MATCH("Malaysia",Raw_EU_HS8480!$A$2:$A$9,0),10)+INDEX(Raw_EU_HS8480!$B$2:$Y$9,MATCH("Singapore",Raw_EU_HS8480!$A$2:$A$9,0),10)+INDEX(Raw_EU_HS8480!$B$2:$Y$9,MATCH("Thailand",Raw_EU_HS8480!$A$2:$A$9,0),10)+INDEX(Raw_EU_HS8480!$B$2:$Y$9,MATCH("Taiwan",Raw_EU_HS8480!$A$2:$A$9,0),10)+INDEX(Raw_EU_HS8480!$B$2:$Y$9,MATCH("Vietnam",Raw_EU_HS8480!$A$2:$A$9,0),10)) -> 0.75545266 | L6: =INDEX(Raw_EU_HS8480!$B$2:$Y$9,MATCH("China",Raw_EU_HS8480!$A$2:$A$9,0),11)/(INDEX(Raw_EU_HS8480!$B$2:$Y$9,MATCH("Canada",Raw_EU_HS8480!$A$2:$A$9,0),11)+INDEX(Raw_EU_HS8480!$B$2:$Y$9,MATCH("China",Raw_EU_HS8480!$A$2:$A$9,0),11)+INDEX(Raw_EU_HS8480!$B$2:$Y$9,MATCH("Japan",Raw_EU_HS8480!$A$2:$A$9,0),11)+INDEX(Raw_EU_HS8480!$B$2:$Y$9,MATCH("Malaysia",Raw_EU_HS8480!$A$2:$A$9,0),11)+INDEX(Raw_EU_HS8480!$B$2:$Y$9,MATCH("Singapore",Raw_EU_HS8480!$A$2:$A$9,0),11)+INDEX(Raw_EU_HS8480!$B$2:$Y$9,MATCH("Thailand",Raw_EU_HS8480!$A$2:$A$9,0),11)+INDEX(Raw_EU_HS8480!$B$2:$Y$9,MATCH("Taiwan",Raw_EU_HS8480!$A$2:$A$9,0),11)+INDEX(Raw_EU_HS8480!$B$2:$Y$9,MATCH("Vietnam",Raw_EU_HS8480!$A$2:$A$9,0),11)) -> 0.79615769 | M6: =INDEX(Raw_EU_HS8480!$B$2:$Y$9,MATCH("China",Raw_EU_HS8480!$A$2:$A$9,0),12)/(INDEX(Raw_EU_HS8480!$B$2:$Y$9,MATCH("Canada",Raw_EU_HS8480!$A$2:$A$9,0),12)+INDEX(Raw_EU_HS8480!$B$2:$Y$9,MATCH("China",Raw_EU_HS8480!$A$2:$A$9,0),12)+INDEX(Raw_EU_HS8480!$B$2:$Y$9,MATCH("Japan",Raw_EU_HS8480!$A$2:$A$9,0),12)+INDEX(Raw_EU_HS8480!$B$2:$Y$9,MATCH("Malaysia",Raw_EU_HS8480!$A$2:$A$9,0),12)+INDEX(Raw_EU_HS8480!$B$2:$Y$9,MATCH("Singapore",Raw_EU_HS8480!$A$2:$A$9,0),12)+INDEX(Raw_EU_HS8480!$B$2:$Y$9,MATCH("Thailand",Raw_EU_HS8480!$A$2:$A$9,0),12)+INDEX(Raw_EU_HS8480!$B$2:$Y$9,MATCH("Taiwan",Raw_EU_HS8480!$A$2:$A$9,0),12)+INDEX(Raw_EU_HS8480!$B$2:$Y$9,MATCH("Vietnam",Raw_EU_HS8480!$A$2:$A$9,0),12)) -> 0.80599612 | N6: =INDEX(Raw_EU_HS8480!$B$2:$Y$9,MATCH("China",Raw_EU_HS8480!$A$2:$A$9,0),13)/(INDEX(Raw_EU_HS8480!$B$2:$Y$9,MATCH("Canada",Raw_EU_HS8480!$A$2:$A$9,0),13)+INDEX(Raw_EU_HS8480!$B$2:$Y$9,MATCH("China",Raw_EU_HS8480!$A$2:$A$9,0),13)+INDEX(Raw_EU_HS8480!$B$2:$Y$9,MATCH("Japan",Raw_EU_HS8480!$A$2:$A$9,0),13)+INDEX(Raw_EU_HS8480!$B$2:$Y$9,MATCH("Malaysia",Raw_EU_HS8480!$A$2:$A$9,0),13)+INDEX(Raw_EU_HS8480!$B$2:$Y$9,MATCH("Singapore",Raw_EU_HS8480!$A$2:$A$9,0),13)+INDEX(Raw_EU_HS8480!$B$2:$Y$9,MATCH("Thailand",Raw_EU_HS8480!$A$2:$A$9,0),13)+INDEX(Raw_EU_HS8480!$B$2:$Y$9,MATCH("Taiwan",Raw_EU_HS8480!$A$2:$A$9,0),13)+INDEX(Raw_EU_HS8480!$B$2:$Y$9,MATCH("Vietnam",Raw_EU_HS8480!$A$2:$A$9,0),13)) -> 0.82729522 | O6: =INDEX(Raw_EU_HS8480!$B$2:$Y$9,MATCH("China",Raw_EU_HS8480!$A$2:$A$9,0),14)/(INDEX(Raw_EU_HS8480!$B$2:$Y$9,MATCH("Canada",Raw_EU_HS8480!$A$2:$A$9,0),14)+INDEX(Raw_EU_HS8480!$B$2:$Y$9,MATCH("China",Raw_EU_HS8480!$A$2:$A$9,0),14)+INDEX(Raw_EU_HS8480!$B$2:$Y$9,MATCH("Japan",Raw_EU_HS8480!$A$2:$A$9,0),14)+INDEX(Raw_EU_HS8480!$B$2:$Y$9,MATCH("Malaysia",Raw_EU_HS8480!$A$2:$A$9,0),14)+INDEX(Raw_EU_HS8480!$B$2:$Y$9,MATCH("Singapore",Raw_EU_HS8480!$A$2:$A$9,0),14)+INDEX(Raw_EU_HS8480!$B$2:$Y$9,MATCH("Thailand",Raw_EU_HS8480!$A$2:$A$9,0),14)+INDEX(Raw_EU_HS8480!$B$2:$Y$9,MATCH("Taiwan",Raw_EU_HS8480!$A$2:$A$9,0),14)+INDEX(Raw_EU_HS8480!$B$2:$Y$9,MATCH("Vietnam",Raw_EU_HS8480!$A$2:$A$9,0),14)) -> 0.85166195 | P6: =INDEX(Raw_EU_HS8480!$B$2:$Y$9,MATCH("China",Raw_EU_HS8480!$A$2:$A$9,0),15)/(INDEX(Raw_EU_HS8480!$B$2:$Y$9,MATCH("Canada",Raw_EU_HS8480!$A$2:$A$9,0),15)+INDEX(Raw_EU_HS8480!$B$2:$Y$9,MATCH("China",Raw_EU_HS8480!$A$2:$A$9,0),15)+INDEX(Raw_EU_HS8480!$B$2:$Y$9,MATCH("Japan",Raw_EU_HS8480!$A$2:$A$9,0),15)+INDEX(Raw_EU_HS8480!$B$2:$Y$9,MATCH("Malaysia",Raw_EU_HS8480!$A$2:$A$9,0),15)+INDEX(Raw_EU_HS8480!$B$2:$Y$9,MATCH("Singapore",Raw_EU_HS8480!$A$2:$A$9,0),15)+INDEX(Raw_EU_HS8480!$B$2:$Y$9,MATCH("Thailand",Raw_EU_HS8480!$A$2:$A$9,0),15)+INDEX(Raw_EU_HS8480!$B$2:$Y$9,MATCH("Taiwan",Raw_EU_HS8480!$A$2:$A$9,0),15)+INDEX(Raw_EU_HS8480!$B$2:$Y$9,MATCH("Vietnam",Raw_EU_HS8480!$A$2:$A$9,0),15)) -> 0.85132382 | Q6: =INDEX(Raw_EU_HS8480!$B$2:$Y$9,MATCH("China",Raw_EU_HS8480!$A$2:$A$9,0),16)/(INDEX(Raw_EU_HS8480!$B$2:$Y$9,MATCH("Canada",Raw_EU_HS8480!$A$2:$A$9,0),16)+INDEX(Raw_EU_HS8480!$B$2:$Y$9,MATCH("China",Raw_EU_HS8480!$A$2:$A$9,0),16)+INDEX(Raw_EU_HS8480!$B$2:$Y$9,MATCH("Japan",Raw_EU_HS8480!$A$2:$A$9,0),16)+INDEX(Raw_EU_HS8480!$B$2:$Y$9,MATCH("Malaysia",Raw_EU_HS8480!$A$2:$A$9,0),16)+INDEX(Raw_EU_HS8480!$B$2:$Y$9,MATCH("Singapore",Raw_EU_HS8480!$A$2:$A$9,0),16)+INDEX(Raw_EU_HS8480!$B$2:$Y$9,MATCH("Thailand",Raw_EU_HS8480!$A$2:$A$9,0),16)+INDEX(Raw_EU_HS8480!$B$2:$Y$9,MATCH("Taiwan",Raw_EU_HS8480!$A$2:$A$9,0),16)+INDEX(Raw_EU_HS8480!$B$2:$Y$9,MATCH("Vietnam",Raw_EU_HS8480!$A$2:$A$9,0),16)) -> 0.86873291 | R6: =INDEX(Raw_EU_HS8480!$B$2:$Y$9,MATCH("China",Raw_EU_HS8480!$A$2:$A$9,0),17)/(INDEX(Raw_EU_HS8480!$B$2:$Y$9,MATCH("Canada",Raw_EU_HS8480!$A$2:$A$9,0),17)+INDEX(Raw_EU_HS8480!$B$2:$Y$9,MATCH("China",Raw_EU_HS8480!$A$2:$A$9,0),17)+INDEX(Raw_EU_HS8480!$B$2:$Y$9,MATCH("Japan",Raw_EU_HS8480!$A$2:$A$9,0),17)+INDEX(Raw_EU_HS8480!$B$2:$Y$9,MATCH("Malaysia",Raw_EU_HS8480!$A$2:$A$9,0),17)+INDEX(Raw_EU_HS8480!$B$2:$Y$9,MATCH("Singapore",Raw_EU_HS8480!$A$2:$A$9,0),17)+INDEX(Raw_EU_HS8480!$B$2:$Y$9,MATCH("Thailand",Raw_EU_HS8480!$A$2:$A$9,0),17)+INDEX(Raw_EU_HS8480!$B$2:$Y$9,MATCH("Taiwan",Raw_EU_HS8480!$A$2:$A$9,0),17)+INDEX(Raw_EU_HS8480!$B$2:$Y$9,MATCH("Vietnam",Raw_EU_HS8480!$A$2:$A$9,0),17)) -> 0.88305341 | S6: =INDEX(Raw_EU_HS8480!$B$2:$Y$9,MATCH("China",Raw_EU_HS8480!$A$2:$A$9,0),18)/(INDEX(Raw_EU_HS8480!$B$2:$Y$9,MATCH("Canada",Raw_EU_HS8480!$A$2:$A$9,0),18)+INDEX(Raw_EU_HS8480!$B$2:$Y$9,MATCH("China",Raw_EU_HS8480!$A$2:$A$9,0),18)+INDEX(Raw_EU_HS8480!$B$2:$Y$9,MATCH("Japan",Raw_EU_HS8480!$A$2:$A$9,0),18)+INDEX(Raw_EU_HS8480!$B$2:$Y$9,MATCH("Malaysia",Raw_EU_HS8480!$A$2:$A$9,0),18)+INDEX(Raw_EU_HS8480!$B$2:$Y$9,MATCH("Singapore",Raw_EU_HS8480!$A$2:$A$9,0),18)+INDEX(Raw_EU_HS8480!$B$2:$Y$9,MATCH("Thailand",Raw_EU_HS8480!$A$2:$A$9,0),18)+INDEX(Raw_EU_HS8480!$B$2:$Y$9,MATCH("Taiwan",Raw_EU_HS8480!$A$2:$A$9,0),18)+INDEX(Raw_EU_HS8480!$B$2:$Y$9,MATCH("Vietnam",Raw_EU_HS8480!$A$2:$A$9,0),18)) -> 0.88791459 | T6: =INDEX(Raw_EU_HS8480!$B$2:$Y$9,MATCH("China",Raw_EU_HS8480!$A$2:$A$9,0),19)/(INDEX(Raw_EU_HS8480!$B$2:$Y$9,MATCH("Canada",Raw_EU_HS8480!$A$2:$A$9,0),19)+INDEX(Raw_EU_HS8480!$B$2:$Y$9,MATCH("China",Raw_EU_HS8480!$A$2:$A$9,0),19)+INDEX(Raw_EU_HS8480!$B$2:$Y$9,MATCH("Japan",Raw_EU_HS8480!$A$2:$A$9,0),19)+INDEX(Raw_EU_HS8480!$B$2:$Y$9,MATCH("Malaysia",Raw_EU_HS8480!$A$2:$A$9,0),19)+INDEX(Raw_EU_HS8480!$B$2:$Y$9,MATCH("Singapore",Raw_EU_HS8480!$A$2:$A$9,0),19)+INDEX(Raw_EU_HS8480!$B$2:$Y$9,MATCH("Thailand",Raw_EU_HS8480!$A$2:$A$9,0),19)+INDEX(Raw_EU_HS8480!$B$2:$Y$9,MATCH("Taiwan",Raw_EU_HS8480!$A$2:$A$9,0),19)+INDEX(Raw_EU_HS8480!$B$2:$Y$9,MATCH("Vietnam",Raw_EU_HS8480!$A$2:$A$9,0),19)) -> 0.89813892 | U6: =INDEX(Raw_EU_HS8480!$B$2:$Y$9,MATCH("China",Raw_EU_HS8480!$A$2:$A$9,0),20)/(INDEX(Raw_EU_HS8480!$B$2:$Y$9,MATCH("Canada",Raw_EU_HS8480!$A$2:$A$9,0),20)+INDEX(Raw_EU_HS8480!$B$2:$Y$9,MATCH("China",Raw_EU_HS8480!$A$2:$A$9,0),20)+INDEX(Raw_EU_HS8480!$B$2:$Y$9,MATCH("Japan",Raw_EU_HS8480!$A$2:$A$9,0),20)+INDEX(Raw_EU_HS8480!$B$2:$Y$9,MATCH("Malaysia",Raw_EU_HS8480!$A$2:$A$9,0),20)+INDEX(Raw_EU_HS8480!$B$2:$Y$9,MATCH("Singapore",Raw_EU_HS8480!$A$2:$A$9,0),20)+INDEX(Raw_EU_HS8480!$B$2:$Y$9,MATCH("Thailand",Raw_EU_HS8480!$A$2:$A$9,0),20)+INDEX(Raw_EU_HS8480!$B$2:$Y$9,MATCH("Taiwan",Raw_EU_HS8480!$A$2:$A$9,0),20)+INDEX(Raw_EU_HS8480!$B$2:$Y$9,MATCH("Vietnam",Raw_EU_HS8480!$A$2:$A$9,0),20)) -> 0.89324276 | V6: =INDEX(Raw_EU_HS8480!$B$2:$Y$9,MATCH("China",Raw_EU_HS8480!$A$2:$A$9,0),21)/(INDEX(Raw_EU_HS8480!$B$2:$Y$9,MATCH("Canada",Raw_EU_HS8480!$A$2:$A$9,0),21)+INDEX(Raw_EU_HS8480!$B$2:$Y$9,MATCH("China",Raw_EU_HS8480!$A$2:$A$9,0),21)+INDEX(Raw_EU_HS8480!$B$2:$Y$9,MATCH("Japan",Raw_EU_HS8480!$A$2:$A$9,0),21)+INDEX(Raw_EU_HS8480!$B$2:$Y$9,MATCH("Malaysia",Raw_EU_HS8480!$A$2:$A$9,0),21)+INDEX(Raw_EU_HS8480!$B$2:$Y$9,MATCH("Singapore",Raw_EU_HS8480!$A$2:$A$9,0),21)+INDEX(Raw_EU_HS8480!$B$2:$Y$9,MATCH("Thailand",Raw_EU_HS8480!$A$2:$A$9,0),21)+INDEX(Raw_EU_HS8480!$B$2:$Y$9,MATCH("Taiwan",Raw_EU_HS8480!$A$2:$A$9,0),21)+INDEX(Raw_EU_HS8480!$B$2:$Y$9,MATCH("Vietnam",Raw_EU_HS8480!$A$2:$A$9,0),21)) -> 0.90562356 | W6: =INDEX(Raw_EU_HS8480!$B$2:$Y$9,MATCH("China",Raw_EU_HS8480!$A$2:$A$9,0),22)/(INDEX(Raw_EU_HS8480!$B$2:$Y$9,MATCH("Canada",Raw_EU_HS8480!$A$2:$A$9,0),22)+INDEX(Raw_EU_HS8480!$B$2:$Y$9,MATCH("China",Raw_EU_HS8480!$A$2:$A$9,0),22)+INDEX(Raw_EU_HS8480!$B$2:$Y$9,MATCH("Japan",Raw_EU_HS8480!$A$2:$A$9,0),22)+INDEX(Raw_EU_HS8480!$B$2:$Y$9,MATCH("Malaysia",Raw_EU_HS8480!$A$2:$A$9,0),22)+INDEX(Raw_EU_HS8480!$B$2:$Y$9,MATCH("Singapore",Raw_EU_HS8480!$A$2:$A$9,0),22)+INDEX(Raw_EU_HS8480!$B$2:$Y$9,MATCH("Thailand",Raw_EU_HS8480!$A$2:$A$9,0),22)+INDEX(Raw_EU_HS8480!$B$2:$Y$9,MATCH("Taiwan",Raw_EU_HS8480!$A$2:$A$9,0),22)+INDEX(Raw_EU_HS8480!$B$2:$Y$9,MATCH("Vietnam",Raw_EU_HS8480!$A$2:$A$9,0),22)) -> 0.92221297 | X6: =INDEX(Raw_EU_HS8480!$B$2:$Y$9,MATCH("China",Raw_EU_HS8480!$A$2:$A$9,0),23)/(INDEX(Raw_EU_HS8480!$B$2:$Y$9,MATCH("Canada",Raw_EU_HS8480!$A$2:$A$9,0),23)+INDEX(Raw_EU_HS8480!$B$2:$Y$9,MATCH("China",Raw_EU_HS8480!$A$2:$A$9,0),23)+INDEX(Raw_EU_HS8480!$B$2:$Y$9,MATCH("Japan",Raw_EU_HS8480!$A$2:$A$9,0),23)+INDEX(Raw_EU_HS8480!$B$2:$Y$9,MATCH("Malaysia",Raw_EU_HS8480!$A$2:$A$9,0),23)+INDEX(Raw_EU_HS8480!$B$2:$Y$9,MATCH("Singapore",Raw_EU_HS8480!$A$2:$A$9,0),23)+INDEX(Raw_EU_HS8480!$B$2:$Y$9,MATCH("Thailand",Raw_EU_HS8480!$A$2:$A$9,0),23)+INDEX(Raw_EU_HS8480!$B$2:$Y$9,MATCH("Taiwan",Raw_EU_HS8480!$A$2:$A$9,0),23)+INDEX(Raw_EU_HS8480!$B$2:$Y$9,MATCH("Vietnam",Raw_EU_HS8480!$A$2:$A$9,0),23)) -> 0.92438524 | Y6: =INDEX(Raw_EU_HS8480!$B$2:$Y$9,MATCH("China",Raw_EU_HS8480!$A$2:$A$9,0),24)/(INDEX(Raw_EU_HS8480!$B$2:$Y$9,MATCH("Canada",Raw_EU_HS8480!$A$2:$A$9,0),24)+INDEX(Raw_EU_HS8480!$B$2:$Y$9,MATCH("China",Raw_EU_HS8480!$A$2:$A$9,0),24)+INDEX(Raw_EU_HS8480!$B$2:$Y$9,MATCH("Japan",Raw_EU_HS8480!$A$2:$A$9,0),24)+INDEX(Raw_EU_HS8480!$B$2:$Y$9,MATCH("Malaysia",Raw_EU_HS8480!$A$2:$A$9,0),24)+INDEX(Raw_EU_HS8480!$B$2:$Y$9,MATCH("Singapore",Raw_EU_HS8480!$A$2:$A$9,0),24)+INDEX(Raw_EU_HS8480!$B$2:$Y$9,MATCH("Thailand",Raw_EU_HS8480!$A$2:$A$9,0),24)+INDEX(Raw_EU_HS8480!$B$2:$Y$9,MATCH("Taiwan",Raw_EU_HS8480!$A$2:$A$9,0),24)+INDEX(Raw_EU_HS8480!$B$2:$Y$9,MATCH("Vietnam",Raw_EU_HS8480!$A$2:$A$9,0),24)) -> 0.93637597
A7: SE Asia % of basket — US | B7: =(INDEX(Raw_US_8partners!$B$2:$Y$9,MATCH("Malaysia",Raw_US_8partners!$A$2:$A$9,0),1)+INDEX(Raw_US_8partners!$B$2:$Y$9,MATCH("Thailand",Raw_US_8partners!$A$2:$A$9,0),1)+INDEX(Raw_US_8partners!$B$2:$Y$9,MATCH("Vietnam",Raw_US_8partners!$A$2:$A$9,0),1))/(INDEX(Raw_US_8partners!$B$2:$Y$9,MATCH("Canada",Raw_US_8partners!$A$2:$A$9,0),1)+INDEX(Raw_US_8partners!$B$2:$Y$9,MATCH("China",Raw_US_8partners!$A$2:$A$9,0),1)+INDEX(Raw_US_8partners!$B$2:$Y$9,MATCH("Japan",Raw_US_8partners!$A$2:$A$9,0),1)+INDEX(Raw_US_8partners!$B$2:$Y$9,MATCH("Malaysia",Raw_US_8partners!$A$2:$A$9,0),1)+INDEX(Raw_US_8partners!$B$2:$Y$9,MATCH("Singapore",Raw_US_8partners!$A$2:$A$9,0),1)+INDEX(Raw_US_8partners!$B$2:$Y$9,MATCH("Thailand",Raw_US_8partners!$A$2:$A$9,0),1)+INDEX(Raw_US_8partners!$B$2:$Y$9,MATCH("Taiwan",Raw_US_8partners!$A$2:$A$9,0),1)+INDEX(Raw_US_8partners!$B$2:$Y$9,MATCH("Vietnam",Raw_US_8partners!$A$2:$A$9,0),1)) -> 0.0030286964 | C7: =(INDEX(Raw_US_8partners!$B$2:$Y$9,MATCH("Malaysia",Raw_US_8partners!$A$2:$A$9,0),2)+INDEX(Raw_US_8partners!$B$2:$Y$9,MATCH("Thailand",Raw_US_8partners!$A$2:$A$9,0),2)+INDEX(Raw_US_8partners!$B$2:$Y$9,MATCH("Vietnam",Raw_US_8partners!$A$2:$A$9,0),2))/(INDEX(Raw_US_8partners!$B$2:$Y$9,MATCH("Canada",Raw_US_8partners!$A$2:$A$9,0),2)+INDEX(Raw_US_8partners!$B$2:$Y$9,MATCH("China",Raw_US_8partners!$A$2:$A$9,0),2)+INDEX(Raw_US_8partners!$B$2:$Y$9,MATCH("Japan",Raw_US_8partners!$A$2:$A$9,0),2)+INDEX(Raw_US_8partners!$B$2:$Y$9,MATCH("Malaysia",Raw_US_8partners!$A$2:$A$9,0),2)+INDEX(Raw_US_8partners!$B$2:$Y$9,MATCH("Singapore",Raw_US_8partners!$A$2:$A$9,0),2)+INDEX(Raw_US_8partners!$B$2:$Y$9,MATCH("Thailand",Raw_US_8partners!$A$2:$A$9,0),2)+INDEX(Raw_US_8partners!$B$2:$Y$9,MATCH("Taiwan",Raw_US_8partners!$A$2:$A$9,0),2)+INDEX(Raw_US_8partners!$B$2:$Y$9,MATCH("Vietnam",Raw_US_8partners!$A$2:$A$9,0),2)) -> 0.0035642254 | D7: =(INDEX(Raw_US_8partners!$B$2:$Y$9,MATCH("Malaysia",Raw_US_8partners!$A$2:$A$9,0),3)+INDEX(Raw_US_8partners!$B$2:$Y$9,MATCH("Thailand",Raw_US_8partners!$A$2:$A$9,0),3)+INDEX(Raw_US_8partners!$B$2:$Y$9,MATCH("Vietnam",Raw_US_8partners!$A$2:$A$9,0),3))/(INDEX(Raw_US_8partners!$B$2:$Y$9,MATCH("Canada",Raw_US_8partners!$A$2:$A$9,0),3)+INDEX(Raw_US_8partners!$B$2:$Y$9,MATCH("China",Raw_US_8partners!$A$2:$A$9,0),3)+INDEX(Raw_US_8partners!$B$2:$Y$9,MATCH("Japan",Raw_US_8partners!$A$2:$A$9,0),3)+INDEX(Raw_US_8partners!$B$2:$Y$9,MATCH("Malaysia",Raw_US_8partners!$A$2:$A$9,0),3)+INDEX(Raw_US_8partners!$B$2:$Y$9,MATCH("Singapore",Raw_US_8partners!$A$2:$A$9,0),3)+INDEX(Raw_US_8partners!$B$2:$Y$9,MATCH("Thailand",Raw_US_8partners!$A$2:$A$9,0),3)+INDEX(Raw_US_8partners!$B$2:$Y$9,MATCH("Taiwan",Raw_US_8partners!$A$2:$A$9,0),3)+INDEX(Raw_US_8partners!$B$2:$Y$9,MATCH("Vietnam",Raw_US_8partners!$A$2:$A$9,0),3)) -> 0.0047470308 | E7: =(INDEX(Raw_US_8partners!$B$2:$Y$9,MATCH("Malaysia",Raw_US_8partners!$A$2:$A$9,0),4)+INDEX(Raw_US_8partners!$B$2:$Y$9,MATCH("Thailand",Raw_US_8partners!$A$2:$A$9,0),4)+INDEX(Raw_US_8partners!$B$2:$Y$9,MATCH("Vietnam",Raw_US_8partners!$A$2:$A$9,0),4))/(INDEX(Raw_US_8partners!$B$2:$Y$9,MATCH("Canada",Raw_US_8partners!$A$2:$A$9,0),4)+INDEX(Raw_US_8partners!$B$2:$Y$9,MATCH("China",Raw_US_8partners!$A$2:$A$9,0),4)+INDEX(Raw_US_8partners!$B$2:$Y$9,MATCH("Japan",Raw_US_8partners!$A$2:$A$9,0),4)+INDEX(Raw_US_8partners!$B$2:$Y$9,MATCH("Malaysia",Raw_US_8partners!$A$2:$A$9,0),4)+INDEX(Raw_US_8partners!$B$2:$Y$9,MATCH("Singapore",Raw_US_8partners!$A$2:$A$9,0),4)+INDEX(Raw_US_8partners!$B$2:$Y$9,MATCH("Thailand",Raw_US_8partners!$A$2:$A$9,0),4)+INDEX(Raw_US_8partners!$B$2:$Y$9,MATCH("Taiwan",Raw_US_8partners!$A$2:$A$9,0),4)+INDEX(Raw_US_8partners!$B$2:$Y$9,MATCH("Vietnam",Raw_US_8partners!$A$2:$A$9,0),4)) -> 0.0028257425 | F7: =(INDEX(Raw_US_8partners!$B$2:$Y$9,MATCH("Malaysia",Raw_US_8partners!$A$2:$A$9,0),5)+INDEX(Raw_US_8partners!$B$2:$Y$9,MATCH("Thailand",Raw_US_8partners!$A$2:$A$9,0),5)+INDEX(Raw_US_8partners!$B$2:$Y$9,MATCH("Vietnam",Raw_US_8partners!$A$2:$A$9,0),5))/(INDEX(Raw_US_8partners!$B$2:$Y$9,MATCH("Canada",Raw_US_8partners!$A$2:$A$9,0),5)+INDEX(Raw_US_8partners!$B$2:$Y$9,MATCH("China",Raw_US_8partners!$A$2:$A$9,0),5)+INDEX(Raw_US_8partners!$B$2:$Y$9,MATCH("Japan",Raw_US_8partners!$A$2:$A$9,0),5)+INDEX(Raw_US_8partners!$B$2:$Y$9,MATCH("Malaysia",Raw_US_8partners!$A$2:$A$9,0),5)+INDEX(Raw_US_8partners!$B$2:$Y$9,MATCH("Singapore",Raw_US_8partners!$A$2:$A$9,0),5)+INDEX(Raw_US_8partners!$B$2:$Y$9,MATCH("Thailand",Raw_US_8partners!$A$2:$A$9,0),5)+INDEX(Raw_US_8partners!$B$2:$Y$9,MATCH("Taiwan",Raw_US_8partners!$A$2:$A$9,0),5)+INDEX(Raw_US_8partners!$B$2:$Y$9,MATCH("Vietnam",Raw_US_8partners!$A$2:$A$9,0),5)) -> 0.0050372025 | G7: =(INDEX(Raw_US_8partners!$B$2:$Y$9,MATCH("Malaysia",Raw_US_8partners!$A$2:$A$9,0),6)+INDEX(Raw_US_8partners!$B$2:$Y$9,MATCH("Thailand",Raw_US_8partners!$A$2:$A$9,0),6)+INDEX(Raw_US_8partners!$B$2:$Y$9,MATCH("Vietnam",Raw_US_8partners!$A$2:$A$9,0),6))/(INDEX(Raw_US_8partners!$B$2:$Y$9,MATCH("Canada",Raw_US_8partners!$A$2:$A$9,0),6)+INDEX(Raw_US_8partners!$B$2:$Y$9,MATCH("China",Raw_US_8partners!$A$2:$A$9,0),6)+INDEX(Raw_US_8partners!$B$2:$Y$9,MATCH("Japan",Raw_US_8partners!$A$2:$A$9,0),6)+INDEX(Raw_US_8partners!$B$2:$Y$9,MATCH("Malaysia",Raw_US_8partners!$A$2:$A$9,0),6)+INDEX(Raw_US_8partners!$B$2:$Y$9,MATCH("Singapore",Raw_US_8partners!$A$2:$A$9,0),6)+INDEX(Raw_US_8partners!$B$2:$Y$9,MATCH("Thailand",Raw_US_8partners!$A$2:$A$9,0),6)+INDEX(Raw_US_8partners!$B$2:$Y$9,MATCH("Taiwan",Raw_US_8partners!$A$2:$A$9,0),6)+INDEX(Raw_US_8partners!$B$2:$Y$9,MATCH("Vietnam",Raw_US_8partners!$A$2:$A$9,0),6)) -> 0.0072978398 | H7: =(INDEX(Raw_US_8partners!$B$2:$Y$9,MATCH("Malaysia",Raw_US_8partners!$A$2:$A$9,0),7)+INDEX(Raw_US_8partners!$B$2:$Y$9,MATCH("Thailand",Raw_US_8partners!$A$2:$A$9,0),7)+INDEX(Raw_US_8partners!$B$2:$Y$9,MATCH("Vietnam",Raw_US_8partners!$A$2:$A$9,0),7))/(INDEX(Raw_US_8partners!$B$2:$Y$9,MATCH("Canada",Raw_US_8partners!$A$2:$A$9,0),7)+INDEX(Raw_US_8partners!$B$2:$Y$9,MATCH("China",Raw_US_8partners!$A$2:$A$9,0),7)+INDEX(Raw_US_8partners!$B$2:$Y$9,MATCH("Japan",Raw_US_8partners!$A$2:$A$9,0),7)+INDEX(Raw_US_8partners!$B$2:$Y$9,MATCH("Malaysia",Raw_US_8partners!$A$2:$A$9,0),7)+INDEX(Raw_US_8partners!$B$2:$Y$9,MATCH("Singapore",Raw_US_8partners!$A$2:$A$9,0),7)+INDEX(Raw_US_8partners!$B$2:$Y$9,MATCH("Thailand",Raw_US_8partners!$A$2:$A$9,0),7)+INDEX(Raw_US_8partners!$B$2:$Y$9,MATCH("Taiwan",Raw_US_8partners!$A$2:$A$9,0),7)+INDEX(Raw_US_8partners!$B$2:$Y$9,MATCH("Vietnam",Raw_US_8partners!$A$2:$A$9,0),7)) -> 0.0094839576 | I7: =(INDEX(Raw_US_8partners!$B$2:$Y$9,MATCH("Malaysia",Raw_US_8partners!$A$2:$A$9,0),8)+INDEX(Raw_US_8partners!$B$2:$Y$9,MATCH("Thailand",Raw_US_8partners!$A$2:$A$9,0),8)+INDEX(Raw_US_8partners!$B$2:$Y$9,MATCH("Vietnam",Raw_US_8partners!$A$2:$A$9,0),8))/(INDEX(Raw_US_8partners!$B$2:$Y$9,MATCH("Canada",Raw_US_8partners!$A$2:$A$9,0),8)+INDEX(Raw_US_8partners!$B$2:$Y$9,MATCH("China",Raw_US_8partners!$A$2:$A$9,0),8)+INDEX(Raw_US_8partners!$B$2:$Y$9,MATCH("Japan",Raw_US_8partners!$A$2:$A$9,0),8)+INDEX(Raw_US_8partners!$B$2:$Y$9,MATCH("Malaysia",Raw_US_8partners!$A$2:$A$9,0),8)+INDEX(Raw_US_8partners!$B$2:$Y$9,MATCH("Singapore",Raw_US_8partners!$A$2:$A$9,0),8)+INDEX(Raw_US_8partners!$B$2:$Y$9,MATCH("Thailand",Raw_US_8partners!$A$2:$A$9,0),8)+INDEX(Raw_US_8partners!$B$2:$Y$9,MATCH("Taiwan",Raw_US_8partners!$A$2:$A$9,0),8)+INDEX(Raw_US_8partners!$B$2:$Y$9,MATCH("Vietnam",Raw_US_8partners!$A$2:$A$9,0),8)) -> 0.0071223591 | J7: =(INDEX(Raw_US_8partners!$B$2:$Y$9,MATCH("Malaysia",Raw_US_8partners!$A$2:$A$9,0),9)+INDEX(Raw_US_8partners!$B$2:$Y$9,MATCH("Thailand",Raw_US_8partners!$A$2:$A$9,0),9)+INDEX(Raw_US_8partners!$B$2:$Y$9,MATCH("Vietnam",Raw_US_8partners!$A$2:$A$9,0),9))/(INDEX(Raw_US_8partners!$B$2:$Y$9,MATCH("Canada",Raw_US_8partners!$A$2:$A$9,0),9)+INDEX(Raw_US_8partners!$B$2:$Y$9,MATCH("China",Raw_US_8partners!$A$2:$A$9,0),9)+INDEX(Raw_US_8partners!$B$2:$Y$9,MATCH("Japan",Raw_US_8partners!$A$2:$A$9,0),9)+INDEX(Raw_US_8partners!$B$2:$Y$9,MATCH("Malaysia",Raw_US_8partners!$A$2:$A$9,0),9)+INDEX(Raw_US_8partners!$B$2:$Y$9,MATCH("Singapore",Raw_US_8partners!$A$2:$A$9,0),9)+INDEX(Raw_US_8partners!$B$2:$Y$9,MATCH("Thailand",Raw_US_8partners!$A$2:$A$9,0),9)+INDEX(Raw_US_8partners!$B$2:$Y$9,MATCH("Taiwan",Raw_US_8partners!$A$2:$A$9,0),9)+INDEX(Raw_US_8partners!$B$2:$Y$9,MATCH("Vietnam",Raw_US_8partners!$A$2:$A$9,0),9)) -> 0.0076789611 | K7: =(INDEX(Raw_US_8partners!$B$2:$Y$9,MATCH("Malaysia",Raw_US_8partners!$A$2:$A$9,0),10)+INDEX(Raw_US_8partners!$B$2:$Y$9,MATCH("Thailand",Raw_US_8partners!$A$2:$A$9,0),10)+INDEX(Raw_US_8partners!$B$2:$Y$9,MATCH("Vietnam",Raw_US_8partners!$A$2:$A$9,0),10))/(INDEX(Raw_US_8partners!$B$2:$Y$9,MATCH("Canada",Raw_US_8partners!$A$2:$A$9,0),10)+INDEX(Raw_US_8partners!$B$2:$Y$9,MATCH("China",Raw_US_8partners!$A$2:$A$9,0),10)+INDEX(Raw_US_8partners!$B$2:$Y$9,MATCH("Japan",Raw_US_8partners!$A$2:$A$9,0),10)+INDEX(Raw_US_8partners!$B$2:$Y$9,MATCH("Malaysia",Raw_US_8partners!$A$2:$A$9,0),10)+INDEX(Raw_US_8partners!$B$2:$Y$9,MATCH("Singapore",Raw_US_8partners!$A$2:$A$9,0),10)+INDEX(Raw_US_8partners!$B$2:$Y$9,MATCH("Thailand",Raw_US_8partners!$A$2:$A$9,0),10)+INDEX(Raw_US_8partners!$B$2:$Y$9,MATCH("Taiwan",Raw_US_8partners!$A$2:$A$9,0),10)+INDEX(Raw_US_8partners!$B$2:$Y$9,MATCH("Vietnam",Raw_US_8partners!$A$2:$A$9,0),10)) -> 0.007871579 | L7: =(INDEX(Raw_US_8partners!$B$2:$Y$9,MATCH("Malaysia",Raw_US_8partners!$A$2:$A$9,0),11)+INDEX(Raw_US_8partners!$B$2:$Y$9,MATCH("Thailand",Raw_US_8partners!$A$2:$A$9,0),11)+INDEX(Raw_US_8partners!$B$2:$Y$9,MATCH("Vietnam",Raw_US_8partners!$A$2:$A$9,0),11))/(INDEX(Raw_US_8partners!$B$2:$Y$9,MATCH("Canada",Raw_US_8partners!$A$2:$A$9,0),11)+INDEX(Raw_US_8partners!$B$2:$Y$9,MATCH("China",Raw_US_8partners!$A$2:$A$9,0),11)+INDEX(Raw_US_8partners!$B$2:$Y$9,MATCH("Japan",Raw_US_8partners!$A$2:$A$9,0),11)+INDEX(Raw_US_8partners!$B$2:$Y$9,MATCH("Malaysia",Raw_US_8partners!$A$2:$A$9,0),11)+INDEX(Raw_US_8partners!$B$2:$Y$9,MATCH("Singapore",Raw_US_8partners!$A$2:$A$9,0),11)+INDEX(Raw_US_8partners!$B$2:$Y$9,MATCH("Thailand",Raw_US_8partners!$A$2:$A$9,0),11)+INDEX(Raw_US_8partners!$B$2:$Y$9,MATCH("Taiwan",Raw_US_8partners!$A$2:$A$9,0),11)+INDEX(Raw_US_8partners!$B$2:$Y$9,MATCH("Vietnam",Raw_US_8partners!$A$2:$A$9,0),11)) -> 0.0081168165 | M7: =(INDEX(Raw_US_8partners!$B$2:$Y$9,MATCH("Malaysia",Raw_US_8partners!$A$2:$A$9,0),12)+INDEX(Raw_US_8partners!$B$2:$Y$9,MATCH("Thailand",Raw_US_8partners!$A$2:$A$9,0),12)+INDEX(Raw_US_8partners!$B$2:$Y$9,MATCH("Vietnam",Raw_US_8partners!$A$2:$A$9,0),12))/(INDEX(Raw_US_8partners!$B$2:$Y$9,MATCH("Canada",Raw_US_8partners!$A$2:$A$9,0),12)+INDEX(Raw_US_8partners!$B$2:$Y$9,MATCH("China",Raw_US_8partners!$A$2:$A$9,0),12)+INDEX(Raw_US_8partners!$B$2:$Y$9,MATCH("Japan",Raw_US_8partners!$A$2:$A$9,0),12)+INDEX(Raw_US_8partners!$B$2:$Y$9,MATCH("Malaysia",Raw_US_8partners!$A$2:$A$9,0),12)+INDEX(Raw_US_8partners!$B$2:$Y$9,MATCH("Singapore",Raw_US_8partners!$A$2:$A$9,0),12)+INDEX(Raw_US_8partners!$B$2:$Y$9,MATCH("Thailand",Raw_US_8partners!$A$2:$A$9,0),12)+INDEX(Raw_US_8partners!$B$2:$Y$9,MATCH("Taiwan",Raw_US_8partners!$A$2:$A$9,0),12)+INDEX(Raw_US_8partners!$B$2:$Y$9,MATCH("Vietnam",Raw_US_8partners!$A$2:$A$9,0),12)) -> 0.0055450393 | N7: =(INDEX(Raw_US_8partners!$B$2:$Y$9,MATCH("Malaysia",Raw_US_8partners!$A$2:$A$9,0),13)+INDEX(Raw_US_8partners!$B$2:$Y$9,MATCH("Thailand",Raw_US_8partners!$A$2:$A$9,0),13)+INDEX(Raw_US_8partners!$B$2:$Y$9,MATCH("Vietnam",Raw_US_8partners!$A$2:$A$9,0),13))/(INDEX(Raw_US_8partners!$B$2:$Y$9,MATCH("Canada",Raw_US_8partners!$A$2:$A$9,0),13)+INDEX(Raw_US_8partners!$B$2:$Y$9,MATCH("China",Raw_US_8partners!$A$2:$A$9,0),13)+INDEX(Raw_US_8partners!$B$2:$Y$9,MATCH("Japan",Raw_US_8partners!$A$2:$A$9,0),13)+INDEX(Raw_US_8partners!$B$2:$Y$9,MATCH("Malaysia",Raw_US_8partners!$A$2:$A$9,0),13)+INDEX(Raw_US_8partners!$B$2:$Y$9,MATCH("Singapore",Raw_US_8partners!$A$2:$A$9,0),13)+INDEX(Raw_US_8partners!$B$2:$Y$9,MATCH("Thailand",Raw_US_8partners!$A$2:$A$9,0),13)+INDEX(Raw_US_8partners!$B$2:$Y$9,MATCH("Taiwan",Raw_US_8partners!$A$2:$A$9,0),13)+INDEX(Raw_US_8partners!$B$2:$Y$9,MATCH("Vietnam",Raw_US_8partners!$A$2:$A$9,0),13)) -> 0.0069223442 | O7: =(INDEX(Raw_US_8partners!$B$2:$Y$9,MATCH("Malaysia",Raw_US_8partners!$A$2:$A$9,0),14)+INDEX(Raw_US_8partners!$B$2:$Y$9,MATCH("Thailand",Raw_US_8partners!$A$2:$A$9,0),14)+INDEX(Raw_US_8partners!$B$2:$Y$9,MATCH("Vietnam",Raw_US_8partners!$A$2:$A$9,0),14))/(INDEX(Raw_US_8partners!$B$2:$Y$9,MATCH("Canada",Raw_US_8partners!$A$2:$A$9,0),14)+INDEX(Raw_US_8partners!$B$2:$Y$9,MATCH("China",Raw_US_8partners!$A$2:$A$9,0),14)+INDEX(Raw_US_8partners!$B$2:$Y$9,MATCH("Japan",Raw_US_8partners!$A$2:$A$9,0),14)+INDEX(Raw_US_8partners!$B$2:$Y$9,MATCH("Malaysia",Raw_US_8partners!$A$2:$A$9,0),14)+INDEX(Raw_US_8partners!$B$2:$Y$9,MATCH("Singapore",Raw_US_8partners!$A$2:$A$9,0),14)+INDEX(Raw_US_8partners!$B$2:$Y$9,MATCH("Thailand",Raw_US_8partners!$A$2:$A$9,0),14)+INDEX(Raw_US_8partners!$B$2:$Y$9,MATCH("Taiwan",Raw_US_8partners!$A$2:$A$9,0),14)+INDEX(Raw_US_8partners!$B$2:$Y$9,MATCH("Vietnam",Raw_US_8partners!$A$2:$A$9,0),14)) -> 0.0053184515 | P7: =(INDEX(Raw_US_8partners!$B$2:$Y$9,MATCH("Malaysia",Raw_US_8partners!$A$2:$A$9,0),15)+INDEX(Raw_US_8partners!$B$2:$Y$9,MATCH("Thailand",Raw_US_8partners!$A$2:$A$9,0),15)+INDEX(Raw_US_8partners!$B$2:$Y$9,MATCH("Vietnam",Raw_US_8partners!$A$2:$A$9,0),15))/(INDEX(Raw_US_8partners!$B$2:$Y$9,MATCH("Canada",Raw_US_8partners!$A$2:$A$9,0),15)+INDEX(Raw_US_8partners!$B$2:$Y$9,MATCH("China",Raw_US_8partners!$A$2:$A$9,0),15)+INDEX(Raw_US_8partners!$B$2:$Y$9,MATCH("Japan",Raw_US_8partners!$A$2:$A$9,0),15)+INDEX(Raw_US_8partners!$B$2:$Y$9,MATCH("Malaysia",Raw_US_8partners!$A$2:$A$9,0),15)+INDEX(Raw_US_8partners!$B$2:$Y$9,MATCH("Singapore",Raw_US_8partners!$A$2:$A$9,0),15)+INDEX(Raw_US_8partners!$B$2:$Y$9,MATCH("Thailand",Raw_US_8partners!$A$2:$A$9,0),15)+INDEX(Raw_US_8partners!$B$2:$Y$9,MATCH("Taiwan",Raw_US_8partners!$A$2:$A$9,0),15)+INDEX(Raw_US_8partners!$B$2:$Y$9,MATCH("Vietnam",Raw_US_8partners!$A$2:$A$9,0),15)) -> 0.0054128352 | Q7: =(INDEX(Raw_US_8partners!$B$2:$Y$9,MATCH("Malaysia",Raw_US_8partners!$A$2:$A$9,0),16)+INDEX(Raw_US_8partners!$B$2:$Y$9,MATCH("Thailand",Raw_US_8partners!$A$2:$A$9,0),16)+INDEX(Raw_US_8partners!$B$2:$Y$9,MATCH("Vietnam",Raw_US_8partners!$A$2:$A$9,0),16))/(INDEX(Raw_US_8partners!$B$2:$Y$9,MATCH("Canada",Raw_US_8partners!$A$2:$A$9,0),16)+INDEX(Raw_US_8partners!$B$2:$Y$9,MATCH("China",Raw_US_8partners!$A$2:$A$9,0),16)+INDEX(Raw_US_8partners!$B$2:$Y$9,MATCH("Japan",Raw_US_8partners!$A$2:$A$9,0),16)+INDEX(Raw_US_8partners!$B$2:$Y$9,MATCH("Malaysia",Raw_US_8partners!$A$2:$A$9,0),16)+INDEX(Raw_US_8partners!$B$2:$Y$9,MATCH("Singapore",Raw_US_8partners!$A$2:$A$9,0),16)+INDEX(Raw_US_8partners!$B$2:$Y$9,MATCH("Thailand",Raw_US_8partners!$A$2:$A$9,0),16)+INDEX(Raw_US_8partners!$B$2:$Y$9,MATCH("Taiwan",Raw_US_8partners!$A$2:$A$9,0),16)+INDEX(Raw_US_8partners!$B$2:$Y$9,MATCH("Vietnam",Raw_US_8partners!$A$2:$A$9,0),16)) -> 0.0050862994 | R7: =(INDEX(Raw_US_8partners!$B$2:$Y$9,MATCH("Malaysia",Raw_US_8partners!$A$2:$A$9,0),17)+INDEX(Raw_US_8partners!$B$2:$Y$9,MATCH("Thailand",Raw_US_8partners!$A$2:$A$9,0),17)+INDEX(Raw_US_8partners!$B$2:$Y$9,MATCH("Vietnam",Raw_US_8partners!$A$2:$A$9,0),17))/(INDEX(Raw_US_8partners!$B$2:$Y$9,MATCH("Canada",Raw_US_8partners!$A$2:$A$9,0),17)+INDEX(Raw_US_8partners!$B$2:$Y$9,MATCH("China",Raw_US_8partners!$A$2:$A$9,0),17)+INDEX(Raw_US_8partners!$B$2:$Y$9,MATCH("Japan",Raw_US_8partners!$A$2:$A$9,0),17)+INDEX(Raw_US_8partners!$B$2:$Y$9,MATCH("Malaysia",Raw_US_8partners!$A$2:$A$9,0),17)+INDEX(Raw_US_8partners!$B$2:$Y$9,MATCH("Singapore",Raw_US_8partners!$A$2:$A$9,0),17)+INDEX(Raw_US_8partners!$B$2:$Y$9,MATCH("Thailand",Raw_US_8partners!$A$2:$A$9,0),17)+INDEX(Raw_US_8partners!$B$2:$Y$9,MATCH("Taiwan",Raw_US_8partners!$A$2:$A$9,0),17)+INDEX(Raw_US_8partners!$B$2:$Y$9,MATCH("Vietnam",Raw_US_8partners!$A$2:$A$9,0),17)) -> 0.0041189649 | S7: =(INDEX(Raw_US_8partners!$B$2:$Y$9,MATCH("Malaysia",Raw_US_8partners!$A$2:$A$9,0),18)+INDEX(Raw_US_8partners!$B$2:$Y$9,MATCH("Thailand",Raw_US_8partners!$A$2:$A$9,0),18)+INDEX(Raw_US_8partners!$B$2:$Y$9,MATCH("Vietnam",Raw_US_8partners!$A$2:$A$9,0),18))/(INDEX(Raw_US_8partners!$B$2:$Y$9,MATCH("Canada",Raw_US_8partners!$A$2:$A$9,0),18)+INDEX(Raw_US_8partners!$B$2:$Y$9,MATCH("China",Raw_US_8partners!$A$2:$A$9,0),18)+INDEX(Raw_US_8partners!$B$2:$Y$9,MATCH("Japan",Raw_US_8partners!$A$2:$A$9,0),18)+INDEX(Raw_US_8partners!$B$2:$Y$9,MATCH("Malaysia",Raw_US_8partners!$A$2:$A$9,0),18)+INDEX(Raw_US_8partners!$B$2:$Y$9,MATCH("Singapore",Raw_US_8partners!$A$2:$A$9,0),18)+INDEX(Raw_US_8partners!$B$2:$Y$9,MATCH("Thailand",Raw_US_8partners!$A$2:$A$9,0),18)+INDEX(Raw_US_8partners!$B$2:$Y$9,MATCH("Taiwan",Raw_US_8partners!$A$2:$A$9,0),18)+INDEX(Raw_US_8partners!$B$2:$Y$9,MATCH("Vietnam",Raw_US_8partners!$A$2:$A$9,0),18)) -> 0.007583586 | T7: =(INDEX(Raw_US_8partners!$B$2:$Y$9,MATCH("Malaysia",Raw_US_8partners!$A$2:$A$9,0),19)+INDEX(Raw_US_8partners!$B$2:$Y$9,MATCH("Thailand",Raw_US_8partners!$A$2:$A$9,0),19)+INDEX(Raw_US_8partners!$B$2:$Y$9,MATCH("Vietnam",Raw_US_8partners!$A$2:$A$9,0),19))/(INDEX(Raw_US_8partners!$B$2:$Y$9,MATCH("Canada",Raw_US_8partners!$A$2:$A$9,0),19)+INDEX(Raw_US_8partners!$B$2:$Y$9,MATCH("China",Raw_US_8partners!$A$2:$A$9,0),19)+INDEX(Raw_US_8partners!$B$2:$Y$9,MATCH("Japan",Raw_US_8partners!$A$2:$A$9,0),19)+INDEX(Raw_US_8partners!$B$2:$Y$9,MATCH("Malaysia",Raw_US_8partners!$A$2:$A$9,0),19)+INDEX(Raw_US_8partners!$B$2:$Y$9,MATCH("Singapore",Raw_US_8partners!$A$2:$A$9,0),19)+INDEX(Raw_US_8partners!$B$2:$Y$9,MATCH("Thailand",Raw_US_8partners!$A$2:$A$9,0),19)+INDEX(Raw_US_8partners!$B$2:$Y$9,MATCH("Taiwan",Raw_US_8partners!$A$2:$A$9,0),19)+INDEX(Raw_US_8partners!$B$2:$Y$9,MATCH("Vietnam",Raw_US_8partners!$A$2:$A$9,0),19)) -> 0.02464378 | U7: =(INDEX(Raw_US_8partners!$B$2:$Y$9,MATCH("Malaysia",Raw_US_8partners!$A$2:$A$9,0),20)+INDEX(Raw_US_8partners!$B$2:$Y$9,MATCH("Thailand",Raw_US_8partners!$A$2:$A$9,0),20)+INDEX(Raw_US_8partners!$B$2:$Y$9,MATCH("Vietnam",Raw_US_8partners!$A$2:$A$9,0),20))/(INDEX(Raw_US_8partners!$B$2:$Y$9,MATCH("Canada",Raw_US_8partners!$A$2:$A$9,0),20)+INDEX(Raw_US_8partners!$B$2:$Y$9,MATCH("China",Raw_US_8partners!$A$2:$A$9,0),20)+INDEX(Raw_US_8partners!$B$2:$Y$9,MATCH("Japan",Raw_US_8partners!$A$2:$A$9,0),20)+INDEX(Raw_US_8partners!$B$2:$Y$9,MATCH("Malaysia",Raw_US_8partners!$A$2:$A$9,0),20)+INDEX(Raw_US_8partners!$B$2:$Y$9,MATCH("Singapore",Raw_US_8partners!$A$2:$A$9,0),20)+INDEX(Raw_US_8partners!$B$2:$Y$9,MATCH("Thailand",Raw_US_8partners!$A$2:$A$9,0),20)+INDEX(Raw_US_8partners!$B$2:$Y$9,MATCH("Taiwan",Raw_US_8partners!$A$2:$A$9,0),20)+INDEX(Raw_US_8partners!$B$2:$Y$9,MATCH("Vietnam",Raw_US_8partners!$A$2:$A$9,0),20)) -> 0.027349492 | V7: =(INDEX(Raw_US_8partners!$B$2:$Y$9,MATCH("Malaysia",Raw_US_8partners!$A$2:$A$9,0),21)+INDEX(Raw_US_8partners!$B$2:$Y$9,MATCH("Thailand",Raw_US_8partners!$A$2:$A$9,0),21)+INDEX(Raw_US_8partners!$B$2:$Y$9,MATCH("Vietnam",Raw_US_8partners!$A$2:$A$9,0),21))/(INDEX(Raw_US_8partners!$B$2:$Y$9,MATCH("Canada",Raw_US_8partners!$A$2:$A$9,0),21)+INDEX(Raw_US_8partners!$B$2:$Y$9,MATCH("China",Raw_US_8partners!$A$2:$A$9,0),21)+INDEX(Raw_US_8partners!$B$2:$Y$9,MATCH("Japan",Raw_US_8partners!$A$2:$A$9,0),21)+INDEX(Raw_US_8partners!$B$2:$Y$9,MATCH("Malaysia",Raw_US_8partners!$A$2:$A$9,0),21)+INDEX(Raw_US_8partners!$B$2:$Y$9,MATCH("Singapore",Raw_US_8partners!$A$2:$A$9,0),21)+INDEX(Raw_US_8partners!$B$2:$Y$9,MATCH("Thailand",Raw_US_8partners!$A$2:$A$9,0),21)+INDEX(Raw_US_8partners!$B$2:$Y$9,MATCH("Taiwan",Raw_US_8partners!$A$2:$A$9,0),21)+INDEX(Raw_US_8partners!$B$2:$Y$9,MATCH("Vietnam",Raw_US_8partners!$A$2:$A$9,0),21)) -> 0.031686932 | W7: =(INDEX(Raw_US_8partners!$B$2:$Y$9,MATCH("Malaysia",Raw_US_8partners!$A$2:$A$9,0),22)+INDEX(Raw_US_8partners!$B$2:$Y$9,MATCH("Thailand",Raw_US_8partners!$A$2:$A$9,0),22)+INDEX(Raw_US_8partners!$B$2:$Y$9,MATCH("Vietnam",Raw_US_8partners!$A$2:$A$9,0),22))/(INDEX(Raw_US_8partners!$B$2:$Y$9,MATCH("Canada",Raw_US_8partners!$A$2:$A$9,0),22)+INDEX(Raw_US_8partners!$B$2:$Y$9,MATCH("China",Raw_US_8partners!$A$2:$A$9,0),22)+INDEX(Raw_US_8partners!$B$2:$Y$9,MATCH("Japan",Raw_US_8partners!$A$2:$A$9,0),22)+INDEX(Raw_US_8partners!$B$2:$Y$9,MATCH("Malaysia",Raw_US_8partners!$A$2:$A$9,0),22)+INDEX(Raw_US_8partners!$B$2:$Y$9,MATCH("Singapore",Raw_US_8partners!$A$2:$A$9,0),22)+INDEX(Raw_US_8partners!$B$2:$Y$9,MATCH("Thailand",Raw_US_8partners!$A$2:$A$9,0),22)+INDEX(Raw_US_8partners!$B$2:$Y$9,MATCH("Taiwan",Raw_US_8partners!$A$2:$A$9,0),22)+INDEX(Raw_US_8partners!$B$2:$Y$9,MATCH("Vietnam",Raw_US_8partners!$A$2:$A$9,0),22)) -> 0.031985447 | X7: =(INDEX(Raw_US_8partners!$B$2:$Y$9,MATCH("Malaysia",Raw_US_8partners!$A$2:$A$9,0),23)+INDEX(Raw_US_8partners!$B$2:$Y$9,MATCH("Thailand",Raw_US_8partners!$A$2:$A$9,0),23)+INDEX(Raw_US_8partners!$B$2:$Y$9,MATCH("Vietnam",Raw_US_8partners!$A$2:$A$9,0),23))/(INDEX(Raw_US_8partners!$B$2:$Y$9,MATCH("Canada",Raw_US_8partners!$A$2:$A$9,0),23)+INDEX(Raw_US_8partners!$B$2:$Y$9,MATCH("China",Raw_US_8partners!$A$2:$A$9,0),23)+INDEX(Raw_US_8partners!$B$2:$Y$9,MATCH("Japan",Raw_US_8partners!$A$2:$A$9,0),23)+INDEX(Raw_US_8partners!$B$2:$Y$9,MATCH("Malaysia",Raw_US_8partners!$A$2:$A$9,0),23)+INDEX(Raw_US_8partners!$B$2:$Y$9,MATCH("Singapore",Raw_US_8partners!$A$2:$A$9,0),23)+INDEX(Raw_US_8partners!$B$2:$Y$9,MATCH("Thailand",Raw_US_8partners!$A$2:$A$9,0),23)+INDEX(Raw_US_8partners!$B$2:$Y$9,MATCH("Taiwan",Raw_US_8partners!$A$2:$A$9,0),23)+INDEX(Raw_US_8partners!$B$2:$Y$9,MATCH("Vietnam",Raw_US_8partners!$A$2:$A$9,0),23)) -> 0.039873929 | Y7: =(INDEX(Raw_US_8partners!$B$2:$Y$9,MATCH("Malaysia",Raw_US_8partners!$A$2:$A$9,0),24)+INDEX(Raw_US_8partners!$B$2:$Y$9,MATCH("Thailand",Raw_US_8partners!$A$2:$A$9,0),24)+INDEX(Raw_US_8partners!$B$2:$Y$9,MATCH("Vietnam",Raw_US_8partners!$A$2:$A$9,0),24))/(INDEX(Raw_US_8partners!$B$2:$Y$9,MATCH("Canada",Raw_US_8partners!$A$2:$A$9,0),24)+INDEX(Raw_US_8partners!$B$2:$Y$9,MATCH("China",Raw_US_8partners!$A$2:$A$9,0),24)+INDEX(Raw_US_8partners!$B$2:$Y$9,MATCH("Japan",Raw_US_8partners!$A$2:$A$9,0),24)+INDEX(Raw_US_8partners!$B$2:$Y$9,MATCH("Malaysia",Raw_US_8partners!$A$2:$A$9,0),24)+INDEX(Raw_US_8partners!$B$2:$Y$9,MATCH("Singapore",Raw_US_8partners!$A$2:$A$9,0),24)+INDEX(Raw_US_8partners!$B$2:$Y$9,MATCH("Thailand",Raw_US_8partners!$A$2:$A$9,0),24)+INDEX(Raw_US_8partners!$B$2:$Y$9,MATCH("Taiwan",Raw_US_8partners!$A$2:$A$9,0),24)+INDEX(Raw_US_8partners!$B$2:$Y$9,MATCH("Vietnam",Raw_US_8partners!$A$2:$A$9,0),24)) -> 0.043661555
A8: SE Asia % of basket — EU | B8: =(INDEX(Raw_EU_HS8480!$B$2:$Y$9,MATCH("Malaysia",Raw_EU_HS8480!$A$2:$A$9,0),1)+INDEX(Raw_EU_HS8480!$B$2:$Y$9,MATCH("Thailand",Raw_EU_HS8480!$A$2:$A$9,0),1)+INDEX(Raw_EU_HS8480!$B$2:$Y$9,MATCH("Vietnam",Raw_EU_HS8480!$A$2:$A$9,0),1))/(INDEX(Raw_EU_HS8480!$B$2:$Y$9,MATCH("Canada",Raw_EU_HS8480!$A$2:$A$9,0),1)+INDEX(Raw_EU_HS8480!$B$2:$Y$9,MATCH("China",Raw_EU_HS8480!$A$2:$A$9,0),1)+INDEX(Raw_EU_HS8480!$B$2:$Y$9,MATCH("Japan",Raw_EU_HS8480!$A$2:$A$9,0),1)+INDEX(Raw_EU_HS8480!$B$2:$Y$9,MATCH("Malaysia",Raw_EU_HS8480!$A$2:$A$9,0),1)+INDEX(Raw_EU_HS8480!$B$2:$Y$9,MATCH("Singapore",Raw_EU_HS8480!$A$2:$A$9,0),1)+INDEX(Raw_EU_HS8480!$B$2:$Y$9,MATCH("Thailand",Raw_EU_HS8480!$A$2:$A$9,0),1)+INDEX(Raw_EU_HS8480!$B$2:$Y$9,MATCH("Taiwan",Raw_EU_HS8480!$A$2:$A$9,0),1)+INDEX(Raw_EU_HS8480!$B$2:$Y$9,MATCH("Vietnam",Raw_EU_HS8480!$A$2:$A$9,0),1)) -> 0.062661866 | C8: =(INDEX(Raw_EU_HS8480!$B$2:$Y$9,MATCH("Malaysia",Raw_EU_HS8480!$A$2:$A$9,0),2)+INDEX(Raw_EU_HS8480!$B$2:$Y$9,MATCH("Thailand",Raw_EU_HS8480!$A$2:$A$9,0),2)+INDEX(Raw_EU_HS8480!$B$2:$Y$9,MATCH("Vietnam",Raw_EU_HS8480!$A$2:$A$9,0),2))/(INDEX(Raw_EU_HS8480!$B$2:$Y$9,MATCH("Canada",Raw_EU_HS8480!$A$2:$A$9,0),2)+INDEX(Raw_EU_HS8480!$B$2:$Y$9,MATCH("China",Raw_EU_HS8480!$A$2:$A$9,0),2)+INDEX(Raw_EU_HS8480!$B$2:$Y$9,MATCH("Japan",Raw_EU_HS8480!$A$2:$A$9,0),2)+INDEX(Raw_EU_HS8480!$B$2:$Y$9,MATCH("Malaysia",Raw_EU_HS8480!$A$2:$A$9,0),2)+INDEX(Raw_EU_HS8480!$B$2:$Y$9,MATCH("Singapore",Raw_EU_HS8480!$A$2:$A$9,0),2)+INDEX(Raw_EU_HS8480!$B$2:$Y$9,MATCH("Thailand",Raw_EU_HS8480!$A$2:$A$9,0),2)+INDEX(Raw_EU_HS8480!$B$2:$Y$9,MATCH("Taiwan",Raw_EU_HS8480!$A$2:$A$9,0),2)+INDEX(Raw_EU_HS8480!$B$2:$Y$9,MATCH("Vietnam",Raw_EU_HS8480!$A$2:$A$9,0),2)) -> 0.055528522 | D8: =(INDEX(Raw_EU_HS8480!$B$2:$Y$9,MATCH("Malaysia",Raw_EU_HS8480!$A$2:$A$9,0),3)+INDEX(Raw_EU_HS8480!$B$2:$Y$9,MATCH("Thailand",Raw_EU_HS8480!$A$2:$A$9,0),3)+INDEX(Raw_EU_HS8480!$B$2:$Y$9,MATCH("Vietnam",Raw_EU_HS8480!$A$2:$A$9,0),3))/(INDEX(Raw_EU_HS8480!$B$2:$Y$9,MATCH("Canada",Raw_EU_HS8480!$A$2:$A$9,0),3)+INDEX(Raw_EU_HS8480!$B$2:$Y$9,MATCH("China",Raw_EU_HS8480!$A$2:$A$9,0),3)+INDEX(Raw_EU_HS8480!$B$2:$Y$9,MATCH("Japan",Raw_EU_HS8480!$A$2:$A$9,0),3)+INDEX(Raw_EU_HS8480!$B$2:$Y$9,MATCH("Malaysia",Raw_EU_HS8480!$A$2:$A$9,0),3)+INDEX(Raw_EU_HS8480!$B$2:$Y$9,MATCH("Singapore",Raw_EU_HS8480!$A$2:$A$9,0),3)+INDEX(Raw_EU_HS8480!$B$2:$Y$9,MATCH("Thailand",Raw_EU_HS8480!$A$2:$A$9,0),3)+INDEX(Raw_EU_HS8480!$B$2:$Y$9,MATCH("Taiwan",Raw_EU_HS8480!$A$2:$A$9,0),3)+INDEX(Raw_EU_HS8480!$B$2:$Y$9,MATCH("Vietnam",Raw_EU_HS8480!$A$2:$A$9,0),3)) -> 0.043301445 | E8: =(INDEX(Raw_EU_HS8480!$B$2:$Y$9,MATCH("Malaysia",Raw_EU_HS8480!$A$2:$A$9,0),4)+INDEX(Raw_EU_HS8480!$B$2:$Y$9,MATCH("Thailand",Raw_EU_HS8480!$A$2:$A$9,0),4)+INDEX(Raw_EU_HS8480!$B$2:$Y$9,MATCH("Vietnam",Raw_EU_HS8480!$A$2:$A$9,0),4))/(INDEX(Raw_EU_HS8480!$B$2:$Y$9,MATCH("Canada",Raw_EU_HS8480!$A$2:$A$9,0),4)+INDEX(Raw_EU_HS8480!$B$2:$Y$9,MATCH("China",Raw_EU_HS8480!$A$2:$A$9,0),4)+INDEX(Raw_EU_HS8480!$B$2:$Y$9,MATCH("Japan",Raw_EU_HS8480!$A$2:$A$9,0),4)+INDEX(Raw_EU_HS8480!$B$2:$Y$9,MATCH("Malaysia",Raw_EU_HS8480!$A$2:$A$9,0),4)+INDEX(Raw_EU_HS8480!$B$2:$Y$9,MATCH("Singapore",Raw_EU_HS8480!$A$2:$A$9,0),4)+INDEX(Raw_EU_HS8480!$B$2:$Y$9,MATCH("Thailand",Raw_EU_HS8480!$A$2:$A$9,0),4)+INDEX(Raw_EU_HS8480!$B$2:$Y$9,MATCH("Taiwan",Raw_EU_HS8480!$A$2:$A$9,0),4)+INDEX(Raw_EU_HS8480!$B$2:$Y$9,MATCH("Vietnam",Raw_EU_HS8480!$A$2:$A$9,0),4)) -> 0.057126204 | F8: =(INDEX(Raw_EU_HS8480!$B$2:$Y$9,MATCH("Malaysia",Raw_EU_HS8480!$A$2:$A$9,0),5)+INDEX(Raw_EU_HS8480!$B$2:$Y$9,MATCH("Thailand",Raw_EU_HS8480!$A$2:$A$9,0),5)+INDEX(Raw_EU_HS8480!$B$2:$Y$9,MATCH("Vietnam",Raw_EU_HS8480!$A$2:$A$9,0),5))/(INDEX(Raw_EU_HS8480!$B$2:$Y$9,MATCH("Canada",Raw_EU_HS8480!$A$2:$A$9,0),5)+INDEX(Raw_EU_HS8480!$B$2:$Y$9,MATCH("China",Raw_EU_HS8480!$A$2:$A$9,0),5)+INDEX(Raw_EU_HS8480!$B$2:$Y$9,MATCH("Japan",Raw_EU_HS8480!$A$2:$A$9,0),5)+INDEX(Raw_EU_HS8480!$B$2:$Y$9,MATCH("Malaysia",Raw_EU_HS8480!$A$2:$A$9,0),5)+INDEX(Raw_EU_HS8480!$B$2:$Y$9,MATCH("Singapore",Raw_EU_HS8480!$A$2:$A$9,0),5)+INDEX(Raw_EU_HS8480!$B$2:$Y$9,MATCH("Thailand",Raw_EU_HS8480!$A$2:$A$9,0),5)+INDEX(Raw_EU_HS8480!$B$2:$Y$9,MATCH("Taiwan",Raw_EU_HS8480!$A$2:$A$9,0),5)+INDEX(Raw_EU_HS8480!$B$2:$Y$9,MATCH("Vietnam",Raw_EU_HS8480!$A$2:$A$9,0),5)) -> 0.04980652 | G8: =(INDEX(Raw_EU_HS8480!$B$2:$Y$9,MATCH("Malaysia",Raw_EU_HS8480!$A$2:$A$9,0),6)+INDEX(Raw_EU_HS8480!$B$2:$Y$9,MATCH("Thailand",Raw_EU_HS8480!$A$2:$A$9,0),6)+INDEX(Raw_EU_HS8480!$B$2:$Y$9,MATCH("Vietnam",Raw_EU_HS8480!$A$2:$A$9,0),6))/(INDEX(Raw_EU_HS8480!$B$2:$Y$9,MATCH("Canada",Raw_EU_HS8480!$A$2:$A$9,0),6)+INDEX(Raw_EU_HS8480!$B$2:$Y$9,MATCH("China",Raw_EU_HS8480!$A$2:$A$9,0),6)+INDEX(Raw_EU_HS8480!$B$2:$Y$9,MATCH("Japan",Raw_EU_HS8480!$A$2:$A$9,0),6)+INDEX(Raw_EU_HS8480!$B$2:$Y$9,MATCH("Malaysia",Raw_EU_HS8480!$A$2:$A$9,0),6)+INDEX(Raw_EU_HS8480!$B$2:$Y$9,MATCH("Singapore",Raw_EU_HS8480!$A$2:$A$9,0),6)+INDEX(Raw_EU_HS8480!$B$2:$Y$9,MATCH("Thailand",Raw_EU_HS8480!$A$2:$A$9,0),6)+INDEX(Raw_EU_HS8480!$B$2:$Y$9,MATCH("Taiwan",Raw_EU_HS8480!$A$2:$A$9,0),6)+INDEX(Raw_EU_HS8480!$B$2:$Y$9,MATCH("Vietnam",Raw_EU_HS8480!$A$2:$A$9,0),6)) -> 0.042307505 | H8: =(INDEX(Raw_EU_HS8480!$B$2:$Y$9,MATCH("Malaysia",Raw_EU_HS8480!$A$2:$A$9,0),7)+INDEX(Raw_EU_HS8480!$B$2:$Y$9,MATCH("Thailand",Raw_EU_HS8480!$A$2:$A$9,0),7)+INDEX(Raw_EU_HS8480!$B$2:$Y$9,MATCH("Vietnam",Raw_EU_HS8480!$A$2:$A$9,0),7))/(INDEX(Raw_EU_HS8480!$B$2:$Y$9,MATCH("Canada",Raw_EU_HS8480!$A$2:$A$9,0),7)+INDEX(Raw_EU_HS8480!$B$2:$Y$9,MATCH("China",Raw_EU_HS8480!$A$2:$A$9,0),7)+INDEX(Raw_EU_HS8480!$B$2:$Y$9,MATCH("Japan",Raw_EU_HS8480!$A$2:$A$9,0),7)+INDEX(Raw_EU_HS8480!$B$2:$Y$9,MATCH("Malaysia",Raw_EU_HS8480!$A$2:$A$9,0),7)+INDEX(Raw_EU_HS8480!$B$2:$Y$9,MATCH("Singapore",Raw_EU_HS8480!$A$2:$A$9,0),7)+INDEX(Raw_EU_HS8480!$B$2:$Y$9,MATCH("Thailand",Raw_EU_HS8480!$A$2:$A$9,0),7)+INDEX(Raw_EU_HS8480!$B$2:$Y$9,MATCH("Taiwan",Raw_EU_HS8480!$A$2:$A$9,0),7)+INDEX(Raw_EU_HS8480!$B$2:$Y$9,MATCH("Vietnam",Raw_EU_HS8480!$A$2:$A$9,0),7)) -> 0.044966643 | I8: =(INDEX(Raw_EU_HS8480!$B$2:$Y$9,MATCH("Malaysia",Raw_EU_HS8480!$A$2:$A$9,0),8)+INDEX(Raw_EU_HS8480!$B$2:$Y$9,MATCH("Thailand",Raw_EU_HS8480!$A$2:$A$9,0),8)+INDEX(Raw_EU_HS8480!$B$2:$Y$9,MATCH("Vietnam",Raw_EU_HS8480!$A$2:$A$9,0),8))/(INDEX(Raw_EU_HS8480!$B$2:$Y$9,MATCH("Canada",Raw_EU_HS8480!$A$2:$A$9,0),8)+INDEX(Raw_EU_HS8480!$B$2:$Y$9,MATCH("China",Raw_EU_HS8480!$A$2:$A$9,0),8)+INDEX(Raw_EU_HS8480!$B$2:$Y$9,MATCH("Japan",Raw_EU_HS8480!$A$2:$A$9,0),8)+INDEX(Raw_EU_HS8480!$B$2:$Y$9,MATCH("Malaysia",Raw_EU_HS8480!$A$2:$A$9,0),8)+INDEX(Raw_EU_HS8480!$B$2:$Y$9,MATCH("Singapore",Raw_EU_HS8480!$A$2:$A$9,0),8)+INDEX(Raw_EU_HS8480!$B$2:$Y$9,MATCH("Thailand",Raw_EU_HS8480!$A$2:$A$9,0),8)+INDEX(Raw_EU_HS8480!$B$2:$Y$9,MATCH("Taiwan",Raw_EU_HS8480!$A$2:$A$9,0),8)+INDEX(Raw_EU_HS8480!$B$2:$Y$9,MATCH("Vietnam",Raw_EU_HS8480!$A$2:$A$9,0),8)) -> 0.028548444 | J8: =(INDEX(Raw_EU_HS8480!$B$2:$Y$9,MATCH("Malaysia",Raw_EU_HS8480!$A$2:$A$9,0),9)+INDEX(Raw_EU_HS8480!$B$2:$Y$9,MATCH("Thailand",Raw_EU_HS8480!$A$2:$A$9,0),9)+INDEX(Raw_EU_HS8480!$B$2:$Y$9,MATCH("Vietnam",Raw_EU_HS8480!$A$2:$A$9,0),9))/(INDEX(Raw_EU_HS8480!$B$2:$Y$9,MATCH("Canada",Raw_EU_HS8480!$A$2:$A$9,0),9)+INDEX(Raw_EU_HS8480!$B$2:$Y$9,MATCH("China",Raw_EU_HS8480!$A$2:$A$9,0),9)+INDEX(Raw_EU_HS8480!$B$2:$Y$9,MATCH("Japan",Raw_EU_HS8480!$A$2:$A$9,0),9)+INDEX(Raw_EU_HS8480!$B$2:$Y$9,MATCH("Malaysia",Raw_EU_HS8480!$A$2:$A$9,0),9)+INDEX(Raw_EU_HS8480!$B$2:$Y$9,MATCH("Singapore",Raw_EU_HS8480!$A$2:$A$9,0),9)+INDEX(Raw_EU_HS8480!$B$2:$Y$9,MATCH("Thailand",Raw_EU_HS8480!$A$2:$A$9,0),9)+INDEX(Raw_EU_HS8480!$B$2:$Y$9,MATCH("Taiwan",Raw_EU_HS8480!$A$2:$A$9,0),9)+INDEX(Raw_EU_HS8480!$B$2:$Y$9,MATCH("Vietnam",Raw_EU_HS8480!$A$2:$A$9,0),9)) -> 0.029286472 | K8: =(INDEX(Raw_EU_HS8480!$B$2:$Y$9,MATCH("Malaysia",Raw_EU_HS8480!$A$2:$A$9,0),10)+INDEX(Raw_EU_HS8480!$B$2:$Y$9,MATCH("Thailand",Raw_EU_HS8480!$A$2:$A$9,0),10)+INDEX(Raw_EU_HS8480!$B$2:$Y$9,MATCH("Vietnam",Raw_EU_HS8480!$A$2:$A$9,0),10))/(INDEX(Raw_EU_HS8480!$B$2:$Y$9,MATCH("Canada",Raw_EU_HS8480!$A$2:$A$9,0),10)+INDEX(Raw_EU_HS8480!$B$2:$Y$9,MATCH("China",Raw_EU_HS8480!$A$2:$A$9,0),10)+INDEX(Raw_EU_HS8480!$B$2:$Y$9,MATCH("Japan",Raw_EU_HS8480!$A$2:$A$9,0),10)+INDEX(Raw_EU_HS8480!$B$2:$Y$9,MATCH("Malaysia",Raw_EU_HS8480!$A$2:$A$9,0),10)+INDEX(Raw_EU_HS8480!$B$2:$Y$9,MATCH("Singapore",Raw_EU_HS8480!$A$2:$A$9,0),10)+INDEX(Raw_EU_HS8480!$B$2:$Y$9,MATCH("Thailand",Raw_EU_HS8480!$A$2:$A$9,0),10)+INDEX(Raw_EU_HS8480!$B$2:$Y$9,MATCH("Taiwan",Raw_EU_HS8480!$A$2:$A$9,0),10)+INDEX(Raw_EU_HS8480!$B$2:$Y$9,MATCH("Vietnam",Raw_EU_HS8480!$A$2:$A$9,0),10)) -> 0.028799558 | L8: =(INDEX(Raw_EU_HS8480!$B$2:$Y$9,MATCH("Malaysia",Raw_EU_HS8480!$A$2:$A$9,0),11)+INDEX(Raw_EU_HS8480!$B$2:$Y$9,MATCH("Thailand",Raw_EU_HS8480!$A$2:$A$9,0),11)+INDEX(Raw_EU_HS8480!$B$2:$Y$9,MATCH("Vietnam",Raw_EU_HS8480!$A$2:$A$9,0),11))/(INDEX(Raw_EU_HS8480!$B$2:$Y$9,MATCH("Canada",Raw_EU_HS8480!$A$2:$A$9,0),11)+INDEX(Raw_EU_HS8480!$B$2:$Y$9,MATCH("China",Raw_EU_HS8480!$A$2:$A$9,0),11)+INDEX(Raw_EU_HS8480!$B$2:$Y$9,MATCH("Japan",Raw_EU_HS8480!$A$2:$A$9,0),11)+INDEX(Raw_EU_HS8480!$B$2:$Y$9,MATCH("Malaysia",Raw_EU_HS8480!$A$2:$A$9,0),11)+INDEX(Raw_EU_HS8480!$B$2:$Y$9,MATCH("Singapore",Raw_EU_HS8480!$A$2:$A$9,0),11)+INDEX(Raw_EU_HS8480!$B$2:$Y$9,MATCH("Thailand",Raw_EU_HS8480!$A$2:$A$9,0),11)+INDEX(Raw_EU_HS8480!$B$2:$Y$9,MATCH("Taiwan",Raw_EU_HS8480!$A$2:$A$9,0),11)+INDEX(Raw_EU_HS8480!$B$2:$Y$9,MATCH("Vietnam",Raw_EU_HS8480!$A$2:$A$9,0),11)) -> 0.021625913 | M8: =(INDEX(Raw_EU_HS8480!$B$2:$Y$9,MATCH("Malaysia",Raw_EU_HS8480!$A$2:$A$9,0),12)+INDEX(Raw_EU_HS8480!$B$2:$Y$9,MATCH("Thailand",Raw_EU_HS8480!$A$2:$A$9,0),12)+INDEX(Raw_EU_HS8480!$B$2:$Y$9,MATCH("Vietnam",Raw_EU_HS8480!$A$2:$A$9,0),12))/(INDEX(Raw_EU_HS8480!$B$2:$Y$9,MATCH("Canada",Raw_EU_HS8480!$A$2:$A$9,0),12)+INDEX(Raw_EU_HS8480!$B$2:$Y$9,MATCH("China",Raw_EU_HS8480!$A$2:$A$9,0),12)+INDEX(Raw_EU_HS8480!$B$2:$Y$9,MATCH("Japan",Raw_EU_HS8480!$A$2:$A$9,0),12)+INDEX(Raw_EU_HS8480!$B$2:$Y$9,MATCH("Malaysia",Raw_EU_HS8480!$A$2:$A$9,0),12)+INDEX(Raw_EU_HS8480!$B$2:$Y$9,MATCH("Singapore",Raw_EU_HS8480!$A$2:$A$9,0),12)+INDEX(Raw_EU_HS8480!$B$2:$Y$9,MATCH("Thailand",Raw_EU_HS8480!$A$2:$A$9,0),12)+INDEX(Raw_EU_HS8480!$B$2:$Y$9,MATCH("Taiwan",Raw_EU_HS8480!$A$2:$A$9,0),12)+INDEX(Raw_EU_HS8480!$B$2:$Y$9,MATCH("Vietnam",Raw_EU_HS8480!$A$2:$A$9,0),12)) -> 0.025028142 | N8: =(INDEX(Raw_EU_HS8480!$B$2:$Y$9,MATCH("Malaysia",Raw_EU_HS8480!$A$2:$A$9,0),13)+INDEX(Raw_EU_HS8480!$B$2:$Y$9,MATCH("Thailand",Raw_EU_HS8480!$A$2:$A$9,0),13)+INDEX(Raw_EU_HS8480!$B$2:$Y$9,MATCH("Vietnam",Raw_EU_HS8480!$A$2:$A$9,0),13))/(INDEX(Raw_EU_HS8480!$B$2:$Y$9,MATCH("Canada",Raw_EU_HS8480!$A$2:$A$9,0),13)+INDEX(Raw_EU_HS8480!$B$2:$Y$9,MATCH("China",Raw_EU_HS8480!$A$2:$A$9,0),13)+INDEX(Raw_EU_HS8480!$B$2:$Y$9,MATCH("Japan",Raw_EU_HS8480!$A$2:$A$9,0),13)+INDEX(Raw_EU_HS8480!$B$2:$Y$9,MATCH("Malaysia",Raw_EU_HS8480!$A$2:$A$9,0),13)+INDEX(Raw_EU_HS8480!$B$2:$Y$9,MATCH("Singapore",Raw_EU_HS8480!$A$2:$A$9,0),13)+INDEX(Raw_EU_HS8480!$B$2:$Y$9,MATCH("Thailand",Raw_EU_HS8480!$A$2:$A$9,0),13)+INDEX(Raw_EU_HS8480!$B$2:$Y$9,MATCH("Taiwan",Raw_EU_HS8480!$A$2:$A$9,0),13)+INDEX(Raw_EU_HS8480!$B$2:$Y$9,MATCH("Vietnam",Raw_EU_HS8480!$A$2:$A$9,0),13)) -> 0.022530212 | O8: =(INDEX(Raw_EU_HS8480!$B$2:$Y$9,MATCH("Malaysia",Raw_EU_HS8480!$A$2:$A$9,0),14)+INDEX(Raw_EU_HS8480!$B$2:$Y$9,MATCH("Thailand",Raw_EU_HS8480!$A$2:$A$9,0),14)+INDEX(Raw_EU_HS8480!$B$2:$Y$9,MATCH("Vietnam",Raw_EU_HS8480!$A$2:$A$9,0),14))/(INDEX(Raw_EU_HS8480!$B$2:$Y$9,MATCH("Canada",Raw_EU_HS8480!$A$2:$A$9,0),14)+INDEX(Raw_EU_HS8480!$B$2:$Y$9,MATCH("China",Raw_EU_HS8480!$A$2:$A$9,0),14)+INDEX(Raw_EU_HS8480!$B$2:$Y$9,MATCH("Japan",Raw_EU_HS8480!$A$2:$A$9,0),14)+INDEX(Raw_EU_HS8480!$B$2:$Y$9,MATCH("Malaysia",Raw_EU_HS8480!$A$2:$A$9,0),14)+INDEX(Raw_EU_HS8480!$B$2:$Y$9,MATCH("Singapore",Raw_EU_HS8480!$A$2:$A$9,0),14)+INDEX(Raw_EU_HS8480!$B$2:$Y$9,MATCH("Thailand",Raw_EU_HS8480!$A$2:$A$9,0),14)+INDEX(Raw_EU_HS8480!$B$2:$Y$9,MATCH("Taiwan",Raw_EU_HS8480!$A$2:$A$9,0),14)+INDEX(Raw_EU_HS8480!$B$2:$Y$9,MATCH("Vietnam",Raw_EU_HS8480!$A$2:$A$9,0),14)) -> 0.022273613 | P8: =(INDEX(Raw_EU_HS8480!$B$2:$Y$9,MATCH("Malaysia",Raw_EU_HS8480!$A$2:$A$9,0),15)+INDEX(Raw_EU_HS8480!$B$2:$Y$9,MATCH("Thailand",Raw_EU_HS8480!$A$2:$A$9,0),15)+INDEX(Raw_EU_HS8480!$B$2:$Y$9,MATCH("Vietnam",Raw_EU_HS8480!$A$2:$A$9,0),15))/(INDEX(Raw_EU_HS8480!$B$2:$Y$9,MATCH("Canada",Raw_EU_HS8480!$A$2:$A$9,0),15)+INDEX(Raw_EU_HS8480!$B$2:$Y$9,MATCH("China",Raw_EU_HS8480!$A$2:$A$9,0),15)+INDEX(Raw_EU_HS8480!$B$2:$Y$9,MATCH("Japan",Raw_EU_HS8480!$A$2:$A$9,0),15)+INDEX(Raw_EU_HS8480!$B$2:$Y$9,MATCH("Malaysia",Raw_EU_HS8480!$A$2:$A$9,0),15)+INDEX(Raw_EU_HS8480!$B$2:$Y$9,MATCH("Singapore",Raw_EU_HS8480!$A$2:$A$9,0),15)+INDEX(Raw_EU_HS8480!$B$2:$Y$9,MATCH("Thailand",Raw_EU_HS8480!$A$2:$A$9,0),15)+INDEX(Raw_EU_HS8480!$B$2:$Y$9,MATCH("Taiwan",Raw_EU_HS8480!$A$2:$A$9,0),15)+INDEX(Raw_EU_HS8480!$B$2:$Y$9,MATCH("Vietnam",Raw_EU_HS8480!$A$2:$A$9,0),15)) -> 0.025030339 | Q8: =(INDEX(Raw_EU_HS8480!$B$2:$Y$9,MATCH("Malaysia",Raw_EU_HS8480!$A$2:$A$9,0),16)+INDEX(Raw_EU_HS8480!$B$2:$Y$9,MATCH("Thailand",Raw_EU_HS8480!$A$2:$A$9,0),16)+INDEX(Raw_EU_HS8480!$B$2:$Y$9,MATCH("Vietnam",Raw_EU_HS8480!$A$2:$A$9,0),16))/(INDEX(Raw_EU_HS8480!$B$2:$Y$9,MATCH("Canada",Raw_EU_HS8480!$A$2:$A$9,0),16)+INDEX(Raw_EU_HS8480!$B$2:$Y$9,MATCH("China",Raw_EU_HS8480!$A$2:$A$9,0),16)+INDEX(Raw_EU_HS8480!$B$2:$Y$9,MATCH("Japan",Raw_EU_HS8480!$A$2:$A$9,0),16)+INDEX(Raw_EU_HS8480!$B$2:$Y$9,MATCH("Malaysia",Raw_EU_HS8480!$A$2:$A$9,0),16)+INDEX(Raw_EU_HS8480!$B$2:$Y$9,MATCH("Singapore",Raw_EU_HS8480!$A$2:$A$9,0),16)+INDEX(Raw_EU_HS8480!$B$2:$Y$9,MATCH("Thailand",Raw_EU_HS8480!$A$2:$A$9,0),16)+INDEX(Raw_EU_HS8480!$B$2:$Y$9,MATCH("Taiwan",Raw_EU_HS8480!$A$2:$A$9,0),16)+INDEX(Raw_EU_HS8480!$B$2:$Y$9,MATCH("Vietnam",Raw_EU_HS8480!$A$2:$A$9,0),16)) -> 0.023557314 | R8: =(INDEX(Raw_EU_HS8480!$B$2:$Y$9,MATCH("Malaysia",Raw_EU_HS8480!$A$2:$A$9,0),17)+INDEX(Raw_EU_HS8480!$B$2:$Y$9,MATCH("Thailand",Raw_EU_HS8480!$A$2:$A$9,0),17)+INDEX(Raw_EU_HS8480!$B$2:$Y$9,MATCH("Vietnam",Raw_EU_HS8480!$A$2:$A$9,0),17))/(INDEX(Raw_EU_HS8480!$B$2:$Y$9,MATCH("Canada",Raw_EU_HS8480!$A$2:$A$9,0),17)+INDEX(Raw_EU_HS8480!$B$2:$Y$9,MATCH("China",Raw_EU_HS8480!$A$2:$A$9,0),17)+INDEX(Raw_EU_HS8480!$B$2:$Y$9,MATCH("Japan",Raw_EU_HS8480!$A$2:$A$9,0),17)+INDEX(Raw_EU_HS8480!$B$2:$Y$9,MATCH("Malaysia",Raw_EU_HS8480!$A$2:$A$9,0),17)+INDEX(Raw_EU_HS8480!$B$2:$Y$9,MATCH("Singapore",Raw_EU_HS8480!$A$2:$A$9,0),17)+INDEX(Raw_EU_HS8480!$B$2:$Y$9,MATCH("Thailand",Raw_EU_HS8480!$A$2:$A$9,0),17)+INDEX(Raw_EU_HS8480!$B$2:$Y$9,MATCH("Taiwan",Raw_EU_HS8480!$A$2:$A$9,0),17)+INDEX(Raw_EU_HS8480!$B$2:$Y$9,MATCH("Vietnam",Raw_EU_HS8480!$A$2:$A$9,0),17)) -> 0.022345621 | S8: =(INDEX(Raw_EU_HS8480!$B$2:$Y$9,MATCH("Malaysia",Raw_EU_HS8480!$A$2:$A$9,0),18)+INDEX(Raw_EU_HS8480!$B$2:$Y$9,MATCH("Thailand",Raw_EU_HS8480!$A$2:$A$9,0),18)+INDEX(Raw_EU_HS8480!$B$2:$Y$9,MATCH("Vietnam",Raw_EU_HS8480!$A$2:$A$9,0),18))/(INDEX(Raw_EU_HS8480!$B$2:$Y$9,MATCH("Canada",Raw_EU_HS8480!$A$2:$A$9,0),18)+INDEX(Raw_EU_HS8480!$B$2:$Y$9,MATCH("China",Raw_EU_HS8480!$A$2:$A$9,0),18)+INDEX(Raw_EU_HS8480!$B$2:$Y$9,MATCH("Japan",Raw_EU_HS8480!$A$2:$A$9,0),18)+INDEX(Raw_EU_HS8480!$B$2:$Y$9,MATCH("Malaysia",Raw_EU_HS8480!$A$2:$A$9,0),18)+INDEX(Raw_EU_HS8480!$B$2:$Y$9,MATCH("Singapore",Raw_EU_HS8480!$A$2:$A$9,0),18)+INDEX(Raw_EU_HS8480!$B$2:$Y$9,MATCH("Thailand",Raw_EU_HS8480!$A$2:$A$9,0),18)+INDEX(Raw_EU_HS8480!$B$2:$Y$9,MATCH("Taiwan",Raw_EU_HS8480!$A$2:$A$9,0),18)+INDEX(Raw_EU_HS8480!$B$2:$Y$9,MATCH("Vietnam",Raw_EU_HS8480!$A$2:$A$9,0),18)) -> 0.025273057 | T8: =(INDEX(Raw_EU_HS8480!$B$2:$Y$9,MATCH("Malaysia",Raw_EU_HS8480!$A$2:$A$9,0),19)+INDEX(Raw_EU_HS8480!$B$2:$Y$9,MATCH("Thailand",Raw_EU_HS8480!$A$2:$A$9,0),19)+INDEX(Raw_EU_HS8480!$B$2:$Y$9,MATCH("Vietnam",Raw_EU_HS8480!$A$2:$A$9,0),19))/(INDEX(Raw_EU_HS8480!$B$2:$Y$9,MATCH("Canada",Raw_EU_HS8480!$A$2:$A$9,0),19)+INDEX(Raw_EU_HS8480!$B$2:$Y$9,MATCH("China",Raw_EU_HS8480!$A$2:$A$9,0),19)+INDEX(Raw_EU_HS8480!$B$2:$Y$9,MATCH("Japan",Raw_EU_HS8480!$A$2:$A$9,0),19)+INDEX(Raw_EU_HS8480!$B$2:$Y$9,MATCH("Malaysia",Raw_EU_HS8480!$A$2:$A$9,0),19)+INDEX(Raw_EU_HS8480!$B$2:$Y$9,MATCH("Singapore",Raw_EU_HS8480!$A$2:$A$9,0),19)+INDEX(Raw_EU_HS8480!$B$2:$Y$9,MATCH("Thailand",Raw_EU_HS8480!$A$2:$A$9,0),19)+INDEX(Raw_EU_HS8480!$B$2:$Y$9,MATCH("Taiwan",Raw_EU_HS8480!$A$2:$A$9,0),19)+INDEX(Raw_EU_HS8480!$B$2:$Y$9,MATCH("Vietnam",Raw_EU_HS8480!$A$2:$A$9,0),19)) -> 0.027321052 | U8: =(INDEX(Raw_EU_HS8480!$B$2:$Y$9,MATCH("Malaysia",Raw_EU_HS8480!$A$2:$A$9,0),20)+INDEX(Raw_EU_HS8480!$B$2:$Y$9,MATCH("Thailand",Raw_EU_HS8480!$A$2:$A$9,0),20)+INDEX(Raw_EU_HS8480!$B$2:$Y$9,MATCH("Vietnam",Raw_EU_HS8480!$A$2:$A$9,0),20))/(INDEX(Raw_EU_HS8480!$B$2:$Y$9,MATCH("Canada",Raw_EU_HS8480!$A$2:$A$9,0),20)+INDEX(Raw_EU_HS8480!$B$2:$Y$9,MATCH("China",Raw_EU_HS8480!$A$2:$A$9,0),20)+INDEX(Raw_EU_HS8480!$B$2:$Y$9,MATCH("Japan",Raw_EU_HS8480!$A$2:$A$9,0),20)+INDEX(Raw_EU_HS8480!$B$2:$Y$9,MATCH("Malaysia",Raw_EU_HS8480!$A$2:$A$9,0),20)+INDEX(Raw_EU_HS8480!$B$2:$Y$9,MATCH("Singapore",Raw_EU_HS8480!$A$2:$A$9,0),20)+INDEX(Raw_EU_HS8480!$B$2:$Y$9,MATCH("Thailand",Raw_EU_HS8480!$A$2:$A$9,0),20)+INDEX(Raw_EU_HS8480!$B$2:$Y$9,MATCH("Taiwan",Raw_EU_HS8480!$A$2:$A$9,0),20)+INDEX(Raw_EU_HS8480!$B$2:$Y$9,MATCH("Vietnam",Raw_EU_HS8480!$A$2:$A$9,0),20)) -> 0.027343977 | V8: =(INDEX(Raw_EU_HS8480!$B$2:$Y$9,MATCH("Malaysia",Raw_EU_HS8480!$A$2:$A$9,0),21)+INDEX(Raw_EU_HS8480!$B$2:$Y$9,MATCH("Thailand",Raw_EU_HS8480!$A$2:$A$9,0),21)+INDEX(Raw_EU_HS8480!$B$2:$Y$9,MATCH("Vietnam",Raw_EU_HS8480!$A$2:$A$9,0),21))/(INDEX(Raw_EU_HS8480!$B$2:$Y$9,MATCH("Canada",Raw_EU_HS8480!$A$2:$A$9,0),21)+INDEX(Raw_EU_HS8480!$B$2:$Y$9,MATCH("China",Raw_EU_HS8480!$A$2:$A$9,0),21)+INDEX(Raw_EU_HS8480!$B$2:$Y$9,MATCH("Japan",Raw_EU_HS8480!$A$2:$A$9,0),21)+INDEX(Raw_EU_HS8480!$B$2:$Y$9,MATCH("Malaysia",Raw_EU_HS8480!$A$2:$A$9,0),21)+INDEX(Raw_EU_HS8480!$B$2:$Y$9,MATCH("Singapore",Raw_EU_HS8480!$A$2:$A$9,0),21)+INDEX(Raw_EU_HS8480!$B$2:$Y$9,MATCH("Thailand",Raw_EU_HS8480!$A$2:$A$9,0),21)+INDEX(Raw_EU_HS8480!$B$2:$Y$9,MATCH("Taiwan",Raw_EU_HS8480!$A$2:$A$9,0),21)+INDEX(Raw_EU_HS8480!$B$2:$Y$9,MATCH("Vietnam",Raw_EU_HS8480!$A$2:$A$9,0),21)) -> 0.028026906 | W8: =(INDEX(Raw_EU_HS8480!$B$2:$Y$9,MATCH("Malaysia",Raw_EU_HS8480!$A$2:$A$9,0),22)+INDEX(Raw_EU_HS8480!$B$2:$Y$9,MATCH("Thailand",Raw_EU_HS8480!$A$2:$A$9,0),22)+INDEX(Raw_EU_HS8480!$B$2:$Y$9,MATCH("Vietnam",Raw_EU_HS8480!$A$2:$A$9,0),22))/(INDEX(Raw_EU_HS8480!$B$2:$Y$9,MATCH("Canada",Raw_EU_HS8480!$A$2:$A$9,0),22)+INDEX(Raw_EU_HS8480!$B$2:$Y$9,MATCH("China",Raw_EU_HS8480!$A$2:$A$9,0),22)+INDEX(Raw_EU_HS8480!$B$2:$Y$9,MATCH("Japan",Raw_EU_HS8480!$A$2:$A$9,0),22)+INDEX(Raw_EU_HS8480!$B$2:$Y$9,MATCH("Malaysia",Raw_EU_HS8480!$A$2:$A$9,0),22)+INDEX(Raw_EU_HS8480!$B$2:$Y$9,MATCH("Singapore",Raw_EU_HS8480!$A$2:$A$9,0),22)+INDEX(Raw_EU_HS8480!$B$2:$Y$9,MATCH("Thailand",Raw_EU_HS8480!$A$2:$A$9,0),22)+INDEX(Raw_EU_HS8480!$B$2:$Y$9,MATCH("Taiwan",Raw_EU_HS8480!$A$2:$A$9,0),22)+INDEX(Raw_EU_HS8480!$B$2:$Y$9,MATCH("Vietnam",Raw_EU_HS8480!$A$2:$A$9,0),22)) -> 0.019946326 | X8: =(INDEX(Raw_EU_HS8480!$B$2:$Y$9,MATCH("Malaysia",Raw_EU_HS8480!$A$2:$A$9,0),23)+INDEX(Raw_EU_HS8480!$B$2:$Y$9,MATCH("Thailand",Raw_EU_HS8480!$A$2:$A$9,0),23)+INDEX(Raw_EU_HS8480!$B$2:$Y$9,MATCH("Vietnam",Raw_EU_HS8480!$A$2:$A$9,0),23))/(INDEX(Raw_EU_HS8480!$B$2:$Y$9,MATCH("Canada",Raw_EU_HS8480!$A$2:$A$9,0),23)+INDEX(Raw_EU_HS8480!$B$2:$Y$9,MATCH("China",Raw_EU_HS8480!$A$2:$A$9,0),23)+INDEX(Raw_EU_HS8480!$B$2:$Y$9,MATCH("Japan",Raw_EU_HS8480!$A$2:$A$9,0),23)+INDEX(Raw_EU_HS8480!$B$2:$Y$9,MATCH("Malaysia",Raw_EU_HS8480!$A$2:$A$9,0),23)+INDEX(Raw_EU_HS8480!$B$2:$Y$9,MATCH("Singapore",Raw_EU_HS8480!$A$2:$A$9,0),23)+INDEX(Raw_EU_HS8480!$B$2:$Y$9,MATCH("Thailand",Raw_EU_HS8480!$A$2:$A$9,0),23)+INDEX(Raw_EU_HS8480!$B$2:$Y$9,MATCH("Taiwan",Raw_EU_HS8480!$A$2:$A$9,0),23)+INDEX(Raw_EU_HS8480!$B$2:$Y$9,MATCH("Vietnam",Raw_EU_HS8480!$A$2:$A$9,0),23)) -> 0.01909894 | Y8: =(INDEX(Raw_EU_HS8480!$B$2:$Y$9,MATCH("Malaysia",Raw_EU_HS8480!$A$2:$A$9,0),24)+INDEX(Raw_EU_HS8480!$B$2:$Y$9,MATCH("Thailand",Raw_EU_HS8480!$A$2:$A$9,0),24)+INDEX(Raw_EU_HS8480!$B$2:$Y$9,MATCH("Vietnam",Raw_EU_HS8480!$A$2:$A$9,0),24))/(INDEX(Raw_EU_HS8480!$B$2:$Y$9,MATCH("Canada",Raw_EU_HS8480!$A$2:$A$9,0),24)+INDEX(Raw_EU_HS8480!$B$2:$Y$9,MATCH("China",Raw_EU_HS8480!$A$2:$A$9,0),24)+INDEX(Raw_EU_HS8480!$B$2:$Y$9,MATCH("Japan",Raw_EU_HS8480!$A$2:$A$9,0),24)+INDEX(Raw_EU_HS8480!$B$2:$Y$9,MATCH("Malaysia",Raw_EU_HS8480!$A$2:$A$9,0),24)+INDEX(Raw_EU_HS8480!$B$2:$Y$9,MATCH("Singapore",Raw_EU_HS8480!$A$2:$A$9,0),24)+INDEX(Raw_EU_HS8480!$B$2:$Y$9,MATCH("Thailand",Raw_EU_HS8480!$A$2:$A$9,0),24)+INDEX(Raw_EU_HS8480!$B$2:$Y$9,MATCH("Taiwan",Raw_EU_HS8480!$A$2:$A$9,0),24)+INDEX(Raw_EU_HS8480!$B$2:$Y$9,MATCH("Vietnam",Raw_EU_HS8480!$A$2:$A$9,0),24)) -> 0.019693448
A48: Per-country: 2018→2025 (share of basket & CAGR)
A49: Country | B49: US share Δ (pp) | C49: US CAGR 18–25 | D49: EU share Δ (pp) | E49: EU CAGR 18–25
A50: Canada | B50: =(INDEX(Raw_US_8partners!$B$2:$Y$9,MATCH("Canada",Raw_US_8partners!$A$2:$A$9,0),24)/(INDEX(Raw_US_8partners!$B$2:$Y$9,MATCH("Canada",Raw_US_8partners!$A$2:$A$9,0),24)+INDEX(Raw_US_8partners!$B$2:$Y$9,MATCH("China",Raw_US_8partners!$A$2:$A$9,0),24)+INDEX(Raw_US_8partners!$B$2:$Y$9,MATCH("Japan",Raw_US_8partners!$A$2:$A$9,0),24)+INDEX(Raw_US_8partners!$B$2:$Y$9,MATCH("Malaysia",Raw_US_8partners!$A$2:$A$9,0),24)+INDEX(Raw_US_8partners!$B$2:$Y$9,MATCH("Singapore",Raw_US_8partners!$A$2:$A$9,0),24)+INDEX(Raw_US_8partners!$B$2:$Y$9,MATCH("Thailand",Raw_US_8partners!$A$2:$A$9,0),24)+INDEX(Raw_US_8partners!$B$2:$Y$9,MATCH("Taiwan",Raw_US_8partners!$A$2:$A$9,0),24)+INDEX(Raw_US_8partners!$B$2:$Y$9,MATCH("Vietnam",Raw_US_8partners!$A$2:$A$9,0),24))-INDEX(Raw_US_8partners!$B$2:$Y$9,MATCH("Canada",Raw_US_8partners!$A$2:$A$9,0),17)/(INDEX(Raw_US_8partners!$B$2:$Y$9,MATCH("Canada",Raw_US_8partners!$A$2:$A$9,0),17)+INDEX(Raw_US_8partners!$B$2:$Y$9,MATCH("China",Raw_US_8partners!$A$2:$A$9,0),17)+INDEX(Raw_US_8partners!$B$2:$Y$9,MATCH("Japan",Raw_US_8partners!$A$2:$A$9,0),17)+INDEX(Raw_US_8partners!$B$2:$Y$9,MATCH("Malaysia",Raw_US_8partners!$A$2:$A$9,0),17)+INDEX(Raw_US_8partners!$B$2:$Y$9,MATCH("Singapore",Raw_US_8partners!$A$2:$A$9,0),17)+INDEX(Raw_US_8partners!$B$2:$Y$9,MATCH("Thailand",Raw_US_8partners!$A$2:$A$9,0),17)+INDEX(Raw_US_8partners!$B$2:$Y$9,MATCH("Taiwan",Raw_US_8partners!$A$2:$A$9,0),17)+INDEX(Raw_US_8partners!$B$2:$Y$9,MATCH("Vietnam",Raw_US_8partners!$A$2:$A$9,0),17)))*100 -> 2.824505 | C50: =(INDEX(Raw_US_8partners!$B$2:$Y$9,MATCH("Canada",Raw_US_8partners!$A$2:$A$9,0),24)/INDEX(Raw_US_8partners!$B$2:$Y$9,MATCH("Canada",Raw_US_8partners!$A$2:$A$9,0),17))^(1/7)-1 -> -0.037498248 | D50: =(INDEX(Raw_EU_HS8480!$B$2:$Y$9,MATCH("Canada",Raw_EU_HS8480!$A$2:$A$9,0),24)/(INDEX(Raw_EU_HS8480!$B$2:$Y$9,MATCH("Canada",Raw_EU_HS8480!$A$2:$A$9,0),24)+INDEX(Raw_EU_HS8480!$B$2:$Y$9,MATCH("China",Raw_EU_HS8480!$A$2:$A$9,0),24)+INDEX(Raw_EU_HS8480!$B$2:$Y$9,MATCH("Japan",Raw_EU_HS8480!$A$2:$A$9,0),24)+INDEX(Raw_EU_HS8480!$B$2:$Y$9,MATCH("Malaysia",Raw_EU_HS8480!$A$2:$A$9,0),24)+INDEX(Raw_EU_HS8480!$B$2:$Y$9,MATCH("Singapore",Raw_EU_HS8480!$A$2:$A$9,0),24)+INDEX(Raw_EU_HS8480!$B$2:$Y$9,MATCH("Thailand",Raw_EU_HS8480!$A$2:$A$9,0),24)+INDEX(Raw_EU_HS8480!$B$2:$Y$9,MATCH("Taiwan",Raw_EU_HS8480!$A$2:$A$9,0),24)+INDEX(Raw_EU_HS8480!$B$2:$Y$9,MATCH("Vietnam",Raw_EU_HS8480!$A$2:$A$9,0),24))-INDEX(Raw_EU_HS8480!$B$2:$Y$9,MATCH("Canada",Raw_EU_HS8480!$A$2:$A$9,0),17)/(INDEX(Raw_EU_HS8480!$B$2:$Y$9,MATCH("Canada",Raw_EU_HS8480!$A$2:$A$9,0),17)+INDEX(Raw_EU_HS8480!$B$2:$Y$9,MATCH("China",Raw_EU_HS8480!$A$2:$A$9,0),17)+INDEX(Raw_EU_HS8480!$B$2:$Y$9,MATCH("Japan",Raw_EU_HS8480!$A$2:$A$9,0),17)+INDEX(Raw_EU_HS8480!$B$2:$Y$9,MATCH("Malaysia",Raw_EU_HS8480!$A$2:$A$9,0),17)+INDEX(Raw_EU_HS8480!$B$2:$Y$9,MATCH("Singapore",Raw_EU_HS8480!$A$2:$A$9,0),17)+INDEX(Raw_EU_HS8480!$B$2:$Y$9,MATCH("Thailand",Raw_EU_HS8480!$A$2:$A$9,0),17)+INDEX(Raw_EU_HS8480!$B$2:$Y$9,MATCH("Taiwan",Raw_EU_HS8480!$A$2:$A$9,0),17)+INDEX(Raw_EU_HS8480!$B$2:$Y$9,MATCH("Vietnam",Raw_EU_HS8480!$A$2:$A$9,0),17)))*100 -> -1.2757492 | E50: =(INDEX(Raw_EU_HS8480!$B$2:$Y$9,MATCH("Canada",Raw_EU_HS8480!$A$2:$A$9,0),24)/INDEX(Raw_EU_HS8480!$B$2:$Y$9,MATCH("Canada",Raw_EU_HS8480!$A$2:$A$9,0),17))^(1/7)-1 -> -0.06067069
A51: China | B51: =(INDEX(Raw_US_8partners!$B$2:$Y$9,MATCH("China",Raw_US_8partners!$A$2:$A$9,0),24)/(INDEX(Raw_US_8partners!$B$2:$Y$9,MATCH("Canada",Raw_US_8partners!$A$2:$A$9,0),24)+INDEX(Raw_US_8partners!$B$2:$Y$9,MATCH("China",Raw_US_8partners!$A$2:$A$9,0),24)+INDEX(Raw_US_8partners!$B$2:$Y$9,MATCH("Japan",Raw_US_8partners!$A$2:$A$9,0),24)+INDEX(Raw_US_8partners!$B$2:$Y$9,MATCH("Malaysia",Raw_US_8partners!$A$2:$A$9,0),24)+INDEX(Raw_US_8partners!$B$2:$Y$9,MATCH("Singapore",Raw_US_8partners!$A$2:$A$9,0),24)+INDEX(Raw_US_8partners!$B$2:$Y$9,MATCH("Thailand",Raw_US_8partners!$A$2:$A$9,0),24)+INDEX(Raw_US_8partners!$B$2:$Y$9,MATCH("Taiwan",Raw_US_8partners!$A$2:$A$9,0),24)+INDEX(Raw_US_8partners!$B$2:$Y$9,MATCH("Vietnam",Raw_US_8partners!$A$2:$A$9,0),24))-INDEX(Raw_US_8partners!$B$2:$Y$9,MATCH("China",Raw_US_8partners!$A$2:$A$9,0),17)/(INDEX(Raw_US_8partners!$B$2:$Y$9,MATCH("Canada",Raw_US_8partners!$A$2:$A$9,0),17)+INDEX(Raw_US_8partners!$B$2:$Y$9,MATCH("China",Raw_US_8partners!$A$2:$A$9,0),17)+INDEX(Raw_US_8partners!$B$2:$Y$9,MATCH("Japan",Raw_US_8partners!$A$2:$A$9,0),17)+INDEX(Raw_US_8partners!$B$2:$Y$9,MATCH("Malaysia",Raw_US_8partners!$A$2:$A$9,0),17)+INDEX(Raw_US_8partners!$B$2:$Y$9,MATCH("Singapore",Raw_US_8partners!$A$2:$A$9,0),17)+INDEX(Raw_US_8partners!$B$2:$Y$9,MATCH("Thailand",Raw_US_8partners!$A$2:$A$9,0),17)+INDEX(Raw_US_8partners!$B$2:$Y$9,MATCH("Taiwan",Raw_US_8partners!$A$2:$A$9,0),17)+INDEX(Raw_US_8partners!$B$2:$Y$9,MATCH("Vietnam",Raw_US_8partners!$A$2:$A$9,0),17)))*100 -> -5.7945181 | C51: =(INDEX(Raw_US_8partners!$B$2:$Y$9,MATCH("China",Raw_US_8partners!$A$2:$A$9,0),24)/INDEX(Raw_US_8partners!$B$2:$Y$9,MATCH("China",Raw_US_8partners!$A$2:$A$9,0),17))^(1/7)-1 -> -0.072868526 | D51: =(INDEX(Raw_EU_HS8480!$B$2:$Y$9,MATCH("China",Raw_EU_HS8480!$A$2:$A$9,0),24)/(INDEX(Raw_EU_HS8480!$B$2:$Y$9,MATCH("Canada",Raw_EU_HS8480!$A$2:$A$9,0),24)+INDEX(Raw_EU_HS8480!$B$2:$Y$9,MATCH("China",Raw_EU_HS8480!$A$2:$A$9,0),24)+INDEX(Raw_EU_HS8480!$B$2:$Y$9,MATCH("Japan",Raw_EU_HS8480!$A$2:$A$9,0),24)+INDEX(Raw_EU_HS8480!$B$2:$Y$9,MATCH("Malaysia",Raw_EU_HS8480!$A$2:$A$9,0),24)+INDEX(Raw_EU_HS8480!$B$2:$Y$9,MATCH("Singapore",Raw_EU_HS8480!$A$2:$A$9,0),24)+INDEX(Raw_EU_HS8480!$B$2:$Y$9,MATCH("Thailand",Raw_EU_HS8480!$A$2:$A$9,0),24)+INDEX(Raw_EU_HS8480!$B$2:$Y$9,MATCH("Taiwan",Raw_EU_HS8480!$A$2:$A$9,0),24)+INDEX(Raw_EU_HS8480!$B$2:$Y$9,MATCH("Vietnam",Raw_EU_HS8480!$A$2:$A$9,0),24))-INDEX(Raw_EU_HS8480!$B$2:$Y$9,MATCH("China",Raw_EU_HS8480!$A$2:$A$9,0),17)/(INDEX(Raw_EU_HS8480!$B$2:$Y$9,MATCH("Canada",Raw_EU_HS8480!$A$2:$A$9,0),17)+INDEX(Raw_EU_HS8480!$B$2:$Y$9,MATCH("China",Raw_EU_HS8480!$A$2:$A$9,0),17)+INDEX(Raw_EU_HS8480!$B$2:$Y$9,MATCH("Japan",Raw_EU_HS8480!$A$2:$A$9,0),17)+INDEX(Raw_EU_HS8480!$B$2:$Y$9,MATCH("Malaysia",Raw_EU_HS8480!$A$2:$A$9,0),17)+INDEX(Raw_EU_HS8480!$B$2:$Y$9,MATCH("Singapore",Raw_EU_HS8480!$A$2:$A$9,0),17)+INDEX(Raw_EU_HS8480!$B$2:$Y$9,MATCH("Thailand",Raw_EU_HS8480!$A$2:$A$9,0),17)+INDEX(Raw_EU_HS8480!$B$2:$Y$9,MATCH("Taiwan",Raw_EU_HS8480!$A$2:$A$9,0),17)+INDEX(Raw_EU_HS8480!$B$2:$Y$9,MATCH("Vietnam",Raw_EU_HS8480!$A$2:$A$9,0),17)))*100 -> 5.3322555 | E51: =(INDEX(Raw_EU_HS8480!$B$2:$Y$9,MATCH("China",Raw_EU_HS8480!$A$2:$A$9,0),24)/INDEX(Raw_EU_HS8480!$B$2:$Y$9,MATCH("China",Raw_EU_HS8480!$A$2:$A$9,0),17))^(1/7)-1 -> 0.045190733
A52: Japan | B52: =(INDEX(Raw_US_8partners!$B$2:$Y$9,MATCH("Japan",Raw_US_8partners!$A$2:$A$9,0),24)/(INDEX(Raw_US_8partners!$B$2:$Y$9,MATCH("Canada",Raw_US_8partners!$A$2:$A$9,0),24)+INDEX(Raw_US_8partners!$B$2:$Y$9,MATCH("China",Raw_US_8partners!$A$2:$A$9,0),24)+INDEX(Raw_US_8partners!$B$2:$Y$9,MATCH("Japan",Raw_US_8partners!$A$2:$A$9,0),24)+INDEX(Raw_US_8partners!$B$2:$Y$9,MATCH("Malaysia",Raw_US_8partners!$A$2:$A$9,0),24)+INDEX(Raw_US_8partners!$B$2:$Y$9,MATCH("Singapore",Raw_US_8partners!$A$2:$A$9,0),24)+INDEX(Raw_US_8partners!$B$2:$Y$9,MATCH("Thailand",Raw_US_8partners!$A$2:$A$9,0),24)+INDEX(Raw_US_8partners!$B$2:$Y$9,MATCH("Taiwan",Raw_US_8partners!$A$2:$A$9,0),24)+INDEX(Raw_US_8partners!$B$2:$Y$9,MATCH("Vietnam",Raw_US_8partners!$A$2:$A$9,0),24))-INDEX(Raw_US_8partners!$B$2:$Y$9,MATCH("Japan",Raw_US_8partners!$A$2:$A$9,0),17)/(INDEX(Raw_US_8partners!$B$2:$Y$9,MATCH("Canada",Raw_US_8partners!$A$2:$A$9,0),17)+INDEX(Raw_US_8partners!$B$2:$Y$9,MATCH("China",Raw_US_8partners!$A$2:$A$9,0),17)+INDEX(Raw_US_8partners!$B$2:$Y$9,MATCH("Japan",Raw_US_8partners!$A$2:$A$9,0),17)+INDEX(Raw_US_8partners!$B$2:$Y$9,MATCH("Malaysia",Raw_US_8partners!$A$2:$A$9,0),17)+INDEX(Raw_US_8partners!$B$2:$Y$9,MATCH("Singapore",Raw_US_8partners!$A$2:$A$9,0),17)+INDEX(Raw_US_8partners!$B$2:$Y$9,MATCH("Thailand",Raw_US_8partners!$A$2:$A$9,0),17)+INDEX(Raw_US_8partners!$B$2:$Y$9,MATCH("Taiwan",Raw_US_8partners!$A$2:$A$9,0),17)+INDEX(Raw_US_8partners!$B$2:$Y$9,MATCH("Vietnam",Raw_US_8partners!$A$2:$A$9,0),17)))*100 -> -1.6255858 | C52: =(INDEX(Raw_US_8partners!$B$2:$Y$9,MATCH("Japan",Raw_US_8partners!$A$2:$A$9,0),24)/INDEX(Raw_US_8partners!$B$2:$Y$9,MATCH("Japan",Raw_US_8partners!$A$2:$A$9,0),17))^(1/7)-1 -> -0.066177529 | D52: =(INDEX(Raw_EU_HS8480!$B$2:$Y$9,MATCH("Japan",Raw_EU_HS8480!$A$2:$A$9,0),24)/(INDEX(Raw_EU_HS8480!$B$2:$Y$9,MATCH("Canada",Raw_EU_HS8480!$A$2:$A$9,0),24)+INDEX(Raw_EU_HS8480!$B$2:$Y$9,MATCH("China",Raw_EU_HS8480!$A$2:$A$9,0),24)+INDEX(Raw_EU_HS8480!$B$2:$Y$9,MATCH("Japan",Raw_EU_HS8480!$A$2:$A$9,0),24)+INDEX(Raw_EU_HS8480!$B$2:$Y$9,MATCH("Malaysia",Raw_EU_HS8480!$A$2:$A$9,0),24)+INDEX(Raw_EU_HS8480!$B$2:$Y$9,MATCH("Singapore",Raw_EU_HS8480!$A$2:$A$9,0),24)+INDEX(Raw_EU_HS8480!$B$2:$Y$9,MATCH("Thailand",Raw_EU_HS8480!$A$2:$A$9,0),24)+INDEX(Raw_EU_HS8480!$B$2:$Y$9,MATCH("Taiwan",Raw_EU_HS8480!$A$2:$A$9,0),24)+INDEX(Raw_EU_HS8480!$B$2:$Y$9,MATCH("Vietnam",Raw_EU_HS8480!$A$2:$A$9,0),24))-INDEX(Raw_EU_HS8480!$B$2:$Y$9,MATCH("Japan",Raw_EU_HS8480!$A$2:$A$9,0),17)/(INDEX(Raw_EU_HS8480!$B$2:$Y$9,MATCH("Canada",Raw_EU_HS8480!$A$2:$A$9,0),17)+INDEX(Raw_EU_HS8480!$B$2:$Y$9,MATCH("China",Raw_EU_HS8480!$A$2:$A$9,0),17)+INDEX(Raw_EU_HS8480!$B$2:$Y$9,MATCH("Japan",Raw_EU_HS8480!$A$2:$A$9,0),17)+INDEX(Raw_EU_HS8480!$B$2:$Y$9,MATCH("Malaysia",Raw_EU_HS8480!$A$2:$A$9,0),17)+INDEX(Raw_EU_HS8480!$B$2:$Y$9,MATCH("Singapore",Raw_EU_HS8480!$A$2:$A$9,0),17)+INDEX(Raw_EU_HS8480!$B$2:$Y$9,MATCH("Thailand",Raw_EU_HS8480!$A$2:$A$9,0),17)+INDEX(Raw_EU_HS8480!$B$2:$Y$9,MATCH("Taiwan",Raw_EU_HS8480!$A$2:$A$9,0),17)+INDEX(Raw_EU_HS8480!$B$2:$Y$9,MATCH("Vietnam",Raw_EU_HS8480!$A$2:$A$9,0),17)))*100 -> -3.1959537 | E52: =(INDEX(Raw_EU_HS8480!$B$2:$Y$9,MATCH("Japan",Raw_EU_HS8480!$A$2:$A$9,0),24)/INDEX(Raw_EU_HS8480!$B$2:$Y$9,MATCH("Japan",Raw_EU_HS8480!$A$2:$A$9,0),17))^(1/7)-1 -> -0.12629612
A53: Malaysia | B53: =(INDEX(Raw_US_8partners!$B$2:$Y$9,MATCH("Malaysia",Raw_US_8partners!$A$2:$A$9,0),24)/(INDEX(Raw_US_8partners!$B$2:$Y$9,MATCH("Canada",Raw_US_8partners!$A$2:$A$9,0),24)+INDEX(Raw_US_8partners!$B$2:$Y$9,MATCH("China",Raw_US_8partners!$A$2:$A$9,0),24)+INDEX(Raw_US_8partners!$B$2:$Y$9,MATCH("Japan",Raw_US_8partners!$A$2:$A$9,0),24)+INDEX(Raw_US_8partners!$B$2:$Y$9,MATCH("Malaysia",Raw_US_8partners!$A$2:$A$9,0),24)+INDEX(Raw_US_8partners!$B$2:$Y$9,MATCH("Singapore",Raw_US_8partners!$A$2:$A$9,0),24)+INDEX(Raw_US_8partners!$B$2:$Y$9,MATCH("Thailand",Raw_US_8partners!$A$2:$A$9,0),24)+INDEX(Raw_US_8partners!$B$2:$Y$9,MATCH("Taiwan",Raw_US_8partners!$A$2:$A$9,0),24)+INDEX(Raw_US_8partners!$B$2:$Y$9,MATCH("Vietnam",Raw_US_8partners!$A$2:$A$9,0),24))-INDEX(Raw_US_8partners!$B$2:$Y$9,MATCH("Malaysia",Raw_US_8partners!$A$2:$A$9,0),17)/(INDEX(Raw_US_8partners!$B$2:$Y$9,MATCH("Canada",Raw_US_8partners!$A$2:$A$9,0),17)+INDEX(Raw_US_8partners!$B$2:$Y$9,MATCH("China",Raw_US_8partners!$A$2:$A$9,0),17)+INDEX(Raw_US_8partners!$B$2:$Y$9,MATCH("Japan",Raw_US_8partners!$A$2:$A$9,0),17)+INDEX(Raw_US_8partners!$B$2:$Y$9,MATCH("Malaysia",Raw_US_8partners!$A$2:$A$9,0),17)+INDEX(Raw_US_8partners!$B$2:$Y$9,MATCH("Singapore",Raw_US_8partners!$A$2:$A$9,0),17)+INDEX(Raw_US_8partners!$B$2:$Y$9,MATCH("Thailand",Raw_US_8partners!$A$2:$A$9,0),17)+INDEX(Raw_US_8partners!$B$2:$Y$9,MATCH("Taiwan",Raw_US_8partners!$A$2:$A$9,0),17)+INDEX(Raw_US_8partners!$B$2:$Y$9,MATCH("Vietnam",Raw_US_8partners!$A$2:$A$9,0),17)))*100 -> 0.6109885 | C53: =(INDEX(Raw_US_8partners!$B$2:$Y$9,MATCH("Malaysia",Raw_US_8partners!$A$2:$A$9,0),24)/INDEX(Raw_US_8partners!$B$2:$Y$9,MATCH("Malaysia",Raw_US_8partners!$A$2:$A$9,0),17))^(1/7)-1 -> 0.22980076 | D53: =(INDEX(Raw_EU_HS8480!$B$2:$Y$9,MATCH("Malaysia",Raw_EU_HS8480!$A$2:$A$9,0),24)/(INDEX(Raw_EU_HS8480!$B$2:$Y$9,MATCH("Canada",Raw_EU_HS8480!$A$2:$A$9,0),24)+INDEX(Raw_EU_HS8480!$B$2:$Y$9,MATCH("China",Raw_EU_HS8480!$A$2:$A$9,0),24)+INDEX(Raw_EU_HS8480!$B$2:$Y$9,MATCH("Japan",Raw_EU_HS8480!$A$2:$A$9,0),24)+INDEX(Raw_EU_HS8480!$B$2:$Y$9,MATCH("Malaysia",Raw_EU_HS8480!$A$2:$A$9,0),24)+INDEX(Raw_EU_HS8480!$B$2:$Y$9,MATCH("Singapore",Raw_EU_HS8480!$A$2:$A$9,0),24)+INDEX(Raw_EU_HS8480!$B$2:$Y$9,MATCH("Thailand",Raw_EU_HS8480!$A$2:$A$9,0),24)+INDEX(Raw_EU_HS8480!$B$2:$Y$9,MATCH("Taiwan",Raw_EU_HS8480!$A$2:$A$9,0),24)+INDEX(Raw_EU_HS8480!$B$2:$Y$9,MATCH("Vietnam",Raw_EU_HS8480!$A$2:$A$9,0),24))-INDEX(Raw_EU_HS8480!$B$2:$Y$9,MATCH("Malaysia",Raw_EU_HS8480!$A$2:$A$9,0),17)/(INDEX(Raw_EU_HS8480!$B$2:$Y$9,MATCH("Canada",Raw_EU_HS8480!$A$2:$A$9,0),17)+INDEX(Raw_EU_HS8480!$B$2:$Y$9,MATCH("China",Raw_EU_HS8480!$A$2:$A$9,0),17)+INDEX(Raw_EU_HS8480!$B$2:$Y$9,MATCH("Japan",Raw_EU_HS8480!$A$2:$A$9,0),17)+INDEX(Raw_EU_HS8480!$B$2:$Y$9,MATCH("Malaysia",Raw_EU_HS8480!$A$2:$A$9,0),17)+INDEX(Raw_EU_HS8480!$B$2:$Y$9,MATCH("Singapore",Raw_EU_HS8480!$A$2:$A$9,0),17)+INDEX(Raw_EU_HS8480!$B$2:$Y$9,MATCH("Thailand",Raw_EU_HS8480!$A$2:$A$9,0),17)+INDEX(Raw_EU_HS8480!$B$2:$Y$9,MATCH("Taiwan",Raw_EU_HS8480!$A$2:$A$9,0),17)+INDEX(Raw_EU_HS8480!$B$2:$Y$9,MATCH("Vietnam",Raw_EU_HS8480!$A$2:$A$9,0),17)))*100 -> -0.59921088 | E53: =(INDEX(Raw_EU_HS8480!$B$2:$Y$9,MATCH("Malaysia",Raw_EU_HS8480!$A$2:$A$9,0),24)/INDEX(Raw_EU_HS8480!$B$2:$Y$9,MATCH("Malaysia",Raw_EU_HS8480!$A$2:$A$9,0),17))^(1/7)-1 -> -0.092083226
A54: Singapore | B54: =(INDEX(Raw_US_8partners!$B$2:$Y$9,MATCH("Singapore",Raw_US_8partners!$A$2:$A$9,0),24)/(INDEX(Raw_US_8partners!$B$2:$Y$9,MATCH("Canada",Raw_US_8partners!$A$2:$A$9,0),24)+INDEX(Raw_US_8partners!$B$2:$Y$9,MATCH("China",Raw_US_8partners!$A$2:$A$9,0),24)+INDEX(Raw_US_8partners!$B$2:$Y$9,MATCH("Japan",Raw_US_8partners!$A$2:$A$9,0),24)+INDEX(Raw_US_8partners!$B$2:$Y$9,MATCH("Malaysia",Raw_US_8partners!$A$2:$A$9,0),24)+INDEX(Raw_US_8partners!$B$2:$Y$9,MATCH("Singapore",Raw_US_8partners!$A$2:$A$9,0),24)+INDEX(Raw_US_8partners!$B$2:$Y$9,MATCH("Thailand",Raw_US_8partners!$A$2:$A$9,0),24)+INDEX(Raw_US_8partners!$B$2:$Y$9,MATCH("Taiwan",Raw_US_8partners!$A$2:$A$9,0),24)+INDEX(Raw_US_8partners!$B$2:$Y$9,MATCH("Vietnam",Raw_US_8partners!$A$2:$A$9,0),24))-INDEX(Raw_US_8partners!$B$2:$Y$9,MATCH("Singapore",Raw_US_8partners!$A$2:$A$9,0),17)/(INDEX(Raw_US_8partners!$B$2:$Y$9,MATCH("Canada",Raw_US_8partners!$A$2:$A$9,0),17)+INDEX(Raw_US_8partners!$B$2:$Y$9,MATCH("China",Raw_US_8partners!$A$2:$A$9,0),17)+INDEX(Raw_US_8partners!$B$2:$Y$9,MATCH("Japan",Raw_US_8partners!$A$2:$A$9,0),17)+INDEX(Raw_US_8partners!$B$2:$Y$9,MATCH("Malaysia",Raw_US_8partners!$A$2:$A$9,0),17)+INDEX(Raw_US_8partners!$B$2:$Y$9,MATCH("Singapore",Raw_US_8partners!$A$2:$A$9,0),17)+INDEX(Raw_US_8partners!$B$2:$Y$9,MATCH("Thailand",Raw_US_8partners!$A$2:$A$9,0),17)+INDEX(Raw_US_8partners!$B$2:$Y$9,MATCH("Taiwan",Raw_US_8partners!$A$2:$A$9,0),17)+INDEX(Raw_US_8partners!$B$2:$Y$9,MATCH("Vietnam",Raw_US_8partners!$A$2:$A$9,0),17)))*100 -> 0.20993359 | C54: =(INDEX(Raw_US_8partners!$B$2:$Y$9,MATCH("Singapore",Raw_US_8partners!$A$2:$A$9,0),24)/INDEX(Raw_US_8partners!$B$2:$Y$9,MATCH("Singapore",Raw_US_8partners!$A$2:$A$9,0),17))^(1/7)-1 -> 0.022088251 | D54: =(INDEX(Raw_EU_HS8480!$B$2:$Y$9,MATCH("Singapore",Raw_EU_HS8480!$A$2:$A$9,0),24)/(INDEX(Raw_EU_HS8480!$B$2:$Y$9,MATCH("Canada",Raw_EU_HS8480!$A$2:$A$9,0),24)+INDEX(Raw_EU_HS8480!$B$2:$Y$9,MATCH("China",Raw_EU_HS8480!$A$2:$A$9,0),24)+INDEX(Raw_EU_HS8480!$B$2:$Y$9,MATCH("Japan",Raw_EU_HS8480!$A$2:$A$9,0),24)+INDEX(Raw_EU_HS8480!$B$2:$Y$9,MATCH("Malaysia",Raw_EU_HS8480!$A$2:$A$9,0),24)+INDEX(Raw_EU_HS8480!$B$2:$Y$9,MATCH("Singapore",Raw_EU_HS8480!$A$2:$A$9,0),24)+INDEX(Raw_EU_HS8480!$B$2:$Y$9,MATCH("Thailand",Raw_EU_HS8480!$A$2:$A$9,0),24)+INDEX(Raw_EU_HS8480!$B$2:$Y$9,MATCH("Taiwan",Raw_EU_HS8480!$A$2:$A$9,0),24)+INDEX(Raw_EU_HS8480!$B$2:$Y$9,MATCH("Vietnam",Raw_EU_HS8480!$A$2:$A$9,0),24))-INDEX(Raw_EU_HS8480!$B$2:$Y$9,MATCH("Singapore",Raw_EU_HS8480!$A$2:$A$9,0),17)/(INDEX(Raw_EU_HS8480!$B$2:$Y$9,MATCH("Canada",Raw_EU_HS8480!$A$2:$A$9,0),17)+INDEX(Raw_EU_HS8480!$B$2:$Y$9,MATCH("China",Raw_EU_HS8480!$A$2:$A$9,0),17)+INDEX(Raw_EU_HS8480!$B$2:$Y$9,MATCH("Japan",Raw_EU_HS8480!$A$2:$A$9,0),17)+INDEX(Raw_EU_HS8480!$B$2:$Y$9,MATCH("Malaysia",Raw_EU_HS8480!$A$2:$A$9,0),17)+INDEX(Raw_EU_HS8480!$B$2:$Y$9,MATCH("Singapore",Raw_EU_HS8480!$A$2:$A$9,0),17)+INDEX(Raw_EU_HS8480!$B$2:$Y$9,MATCH("Thailand",Raw_EU_HS8480!$A$2:$A$9,0),17)+INDEX(Raw_EU_HS8480!$B$2:$Y$9,MATCH("Taiwan",Raw_EU_HS8480!$A$2:$A$9,0),17)+INDEX(Raw_EU_HS8480!$B$2:$Y$9,MATCH("Vietnam",Raw_EU_HS8480!$A$2:$A$9,0),17)))*100 -> 0.10765793 | E54: =(INDEX(Raw_EU_HS8480!$B$2:$Y$9,MATCH("Singapore",Raw_EU_HS8480!$A$2:$A$9,0),24)/INDEX(Raw_EU_HS8480!$B$2:$Y$9,MATCH("Singapore",Raw_EU_HS8480!$A$2:$A$9,0),17))^(1/7)-1 -> 0.051149866
A55: Thailand | B55: =(INDEX(Raw_US_8partners!$B$2:$Y$9,MATCH("Thailand",Raw_US_8partners!$A$2:$A$9,0),24)/(INDEX(Raw_US_8partners!$B$2:$Y$9,MATCH("Canada",Raw_US_8partners!$A$2:$A$9,0),24)+INDEX(Raw_US_8partners!$B$2:$Y$9,MATCH("China",Raw_US_8partners!$A$2:$A$9,0),24)+INDEX(Raw_US_8partners!$B$2:$Y$9,MATCH("Japan",Raw_US_8partners!$A$2:$A$9,0),24)+INDEX(Raw_US_8partners!$B$2:$Y$9,MATCH("Malaysia",Raw_US_8partners!$A$2:$A$9,0),24)+INDEX(Raw_US_8partners!$B$2:$Y$9,MATCH("Singapore",Raw_US_8partners!$A$2:$A$9,0),24)+INDEX(Raw_US_8partners!$B$2:$Y$9,MATCH("Thailand",Raw_US_8partners!$A$2:$A$9,0),24)+INDEX(Raw_US_8partners!$B$2:$Y$9,MATCH("Taiwan",Raw_US_8partners!$A$2:$A$9,0),24)+INDEX(Raw_US_8partners!$B$2:$Y$9,MATCH("Vietnam",Raw_US_8partners!$A$2:$A$9,0),24))-INDEX(Raw_US_8partners!$B$2:$Y$9,MATCH("Thailand",Raw_US_8partners!$A$2:$A$9,0),17)/(INDEX(Raw_US_8partners!$B$2:$Y$9,MATCH("Canada",Raw_US_8partners!$A$2:$A$9,0),17)+INDEX(Raw_US_8partners!$B$2:$Y$9,MATCH("China",Raw_US_8partners!$A$2:$A$9,0),17)+INDEX(Raw_US_8partners!$B$2:$Y$9,MATCH("Japan",Raw_US_8partners!$A$2:$A$9,0),17)+INDEX(Raw_US_8partners!$B$2:$Y$9,MATCH("Malaysia",Raw_US_8partners!$A$2:$A$9,0),17)+INDEX(Raw_US_8partners!$B$2:$Y$9,MATCH("Singapore",Raw_US_8partners!$A$2:$A$9,0),17)+INDEX(Raw_US_8partners!$B$2:$Y$9,MATCH("Thailand",Raw_US_8partners!$A$2:$A$9,0),17)+INDEX(Raw_US_8partners!$B$2:$Y$9,MATCH("Taiwan",Raw_US_8partners!$A$2:$A$9,0),17)+INDEX(Raw_US_8partners!$B$2:$Y$9,MATCH("Vietnam",Raw_US_8partners!$A$2:$A$9,0),17)))*100 -> 2.9181623 | C55: =(INDEX(Raw_US_8partners!$B$2:$Y$9,MATCH("Thailand",Raw_US_8partners!$A$2:$A$9,0),24)/INDEX(Raw_US_8partners!$B$2:$Y$9,MATCH("Thailand",Raw_US_8partners!$A$2:$A$9,0),17))^(1/7)-1 -> 0.42071925 | D55: =(INDEX(Raw_EU_HS8480!$B$2:$Y$9,MATCH("Thailand",Raw_EU_HS8480!$A$2:$A$9,0),24)/(INDEX(Raw_EU_HS8480!$B$2:$Y$9,MATCH("Canada",Raw_EU_HS8480!$A$2:$A$9,0),24)+INDEX(Raw_EU_HS8480!$B$2:$Y$9,MATCH("China",Raw_EU_HS8480!$A$2:$A$9,0),24)+INDEX(Raw_EU_HS8480!$B$2:$Y$9,MATCH("Japan",Raw_EU_HS8480!$A$2:$A$9,0),24)+INDEX(Raw_EU_HS8480!$B$2:$Y$9,MATCH("Malaysia",Raw_EU_HS8480!$A$2:$A$9,0),24)+INDEX(Raw_EU_HS8480!$B$2:$Y$9,MATCH("Singapore",Raw_EU_HS8480!$A$2:$A$9,0),24)+INDEX(Raw_EU_HS8480!$B$2:$Y$9,MATCH("Thailand",Raw_EU_HS8480!$A$2:$A$9,0),24)+INDEX(Raw_EU_HS8480!$B$2:$Y$9,MATCH("Taiwan",Raw_EU_HS8480!$A$2:$A$9,0),24)+INDEX(Raw_EU_HS8480!$B$2:$Y$9,MATCH("Vietnam",Raw_EU_HS8480!$A$2:$A$9,0),24))-INDEX(Raw_EU_HS8480!$B$2:$Y$9,MATCH("Thailand",Raw_EU_HS8480!$A$2:$A$9,0),17)/(INDEX(Raw_EU_HS8480!$B$2:$Y$9,MATCH("Canada",Raw_EU_HS8480!$A$2:$A$9,0),17)+INDEX(Raw_EU_HS8480!$B$2:$Y$9,MATCH("China",Raw_EU_HS8480!$A$2:$A$9,0),17)+INDEX(Raw_EU_HS8480!$B$2:$Y$9,MATCH("Japan",Raw_EU_HS8480!$A$2:$A$9,0),17)+INDEX(Raw_EU_HS8480!$B$2:$Y$9,MATCH("Malaysia",Raw_EU_HS8480!$A$2:$A$9,0),17)+INDEX(Raw_EU_HS8480!$B$2:$Y$9,MATCH("Singapore",Raw_EU_HS8480!$A$2:$A$9,0),17)+INDEX(Raw_EU_HS8480!$B$2:$Y$9,MATCH("Thailand",Raw_EU_HS8480!$A$2:$A$9,0),17)+INDEX(Raw_EU_HS8480!$B$2:$Y$9,MATCH("Taiwan",Raw_EU_HS8480!$A$2:$A$9,0),17)+INDEX(Raw_EU_HS8480!$B$2:$Y$9,MATCH("Vietnam",Raw_EU_HS8480!$A$2:$A$9,0),17)))*100 -> 0.12399681 | E55: =(INDEX(Raw_EU_HS8480!$B$2:$Y$9,MATCH("Thailand",Raw_EU_HS8480!$A$2:$A$9,0),24)/INDEX(Raw_EU_HS8480!$B$2:$Y$9,MATCH("Thailand",Raw_EU_HS8480!$A$2:$A$9,0),17))^(1/7)-1 -> 0.1028518
A56: Taiwan | B56: =(INDEX(Raw_US_8partners!$B$2:$Y$9,MATCH("Taiwan",Raw_US_8partners!$A$2:$A$9,0),24)/(INDEX(Raw_US_8partners!$B$2:$Y$9,MATCH("Canada",Raw_US_8partners!$A$2:$A$9,0),24)+INDEX(Raw_US_8partners!$B$2:$Y$9,MATCH("China",Raw_US_8partners!$A$2:$A$9,0),24)+INDEX(Raw_US_8partners!$B$2:$Y$9,MATCH("Japan",Raw_US_8partners!$A$2:$A$9,0),24)+INDEX(Raw_US_8partners!$B$2:$Y$9,MATCH("Malaysia",Raw_US_8partners!$A$2:$A$9,0),24)+INDEX(Raw_US_8partners!$B$2:$Y$9,MATCH("Singapore",Raw_US_8partners!$A$2:$A$9,0),24)+INDEX(Raw_US_8partners!$B$2:$Y$9,MATCH("Thailand",Raw_US_8partners!$A$2:$A$9,0),24)+INDEX(Raw_US_8partners!$B$2:$Y$9,MATCH("Taiwan",Raw_US_8partners!$A$2:$A$9,0),24)+INDEX(Raw_US_8partners!$B$2:$Y$9,MATCH("Vietnam",Raw_US_8partners!$A$2:$A$9,0),24))-INDEX(Raw_US_8partners!$B$2:$Y$9,MATCH("Taiwan",Raw_US_8partners!$A$2:$A$9,0),17)/(INDEX(Raw_US_8partners!$B$2:$Y$9,MATCH("Canada",Raw_US_8partners!$A$2:$A$9,0),17)+INDEX(Raw_US_8partners!$B$2:$Y$9,MATCH("China",Raw_US_8partners!$A$2:$A$9,0),17)+INDEX(Raw_US_8partners!$B$2:$Y$9,MATCH("Japan",Raw_US_8partners!$A$2:$A$9,0),17)+INDEX(Raw_US_8partners!$B$2:$Y$9,MATCH("Malaysia",Raw_US_8partners!$A$2:$A$9,0),17)+INDEX(Raw_US_8partners!$B$2:$Y$9,MATCH("Singapore",Raw_US_8partners!$A$2:$A$9,0),17)+INDEX(Raw_US_8partners!$B$2:$Y$9,MATCH("Thailand",Raw_US_8partners!$A$2:$A$9,0),17)+INDEX(Raw_US_8partners!$B$2:$Y$9,MATCH("Taiwan",Raw_US_8partners!$A$2:$A$9,0),17)+INDEX(Raw_US_8partners!$B$2:$Y$9,MATCH("Vietnam",Raw_US_8partners!$A$2:$A$9,0),17)))*100 -> 0.4314063 | C56: =(INDEX(Raw_US_8partners!$B$2:$Y$9,MATCH("Taiwan",Raw_US_8partners!$A$2:$A$9,0),24)/INDEX(Raw_US_8partners!$B$2:$Y$9,MATCH("Taiwan",Raw_US_8partners!$A$2:$A$9,0),17))^(1/7)-1 -> -0.020075996 | D56: =(INDEX(Raw_EU_HS8480!$B$2:$Y$9,MATCH("Taiwan",Raw_EU_HS8480!$A$2:$A$9,0),24)/(INDEX(Raw_EU_HS8480!$B$2:$Y$9,MATCH("Canada",Raw_EU_HS8480!$A$2:$A$9,0),24)+INDEX(Raw_EU_HS8480!$B$2:$Y$9,MATCH("China",Raw_EU_HS8480!$A$2:$A$9,0),24)+INDEX(Raw_EU_HS8480!$B$2:$Y$9,MATCH("Japan",Raw_EU_HS8480!$A$2:$A$9,0),24)+INDEX(Raw_EU_HS8480!$B$2:$Y$9,MATCH("Malaysia",Raw_EU_HS8480!$A$2:$A$9,0),24)+INDEX(Raw_EU_HS8480!$B$2:$Y$9,MATCH("Singapore",Raw_EU_HS8480!$A$2:$A$9,0),24)+INDEX(Raw_EU_HS8480!$B$2:$Y$9,MATCH("Thailand",Raw_EU_HS8480!$A$2:$A$9,0),24)+INDEX(Raw_EU_HS8480!$B$2:$Y$9,MATCH("Taiwan",Raw_EU_HS8480!$A$2:$A$9,0),24)+INDEX(Raw_EU_HS8480!$B$2:$Y$9,MATCH("Vietnam",Raw_EU_HS8480!$A$2:$A$9,0),24))-INDEX(Raw_EU_HS8480!$B$2:$Y$9,MATCH("Taiwan",Raw_EU_HS8480!$A$2:$A$9,0),17)/(INDEX(Raw_EU_HS8480!$B$2:$Y$9,MATCH("Canada",Raw_EU_HS8480!$A$2:$A$9,0),17)+INDEX(Raw_EU_HS8480!$B$2:$Y$9,MATCH("China",Raw_EU_HS8480!$A$2:$A$9,0),17)+INDEX(Raw_EU_HS8480!$B$2:$Y$9,MATCH("Japan",Raw_EU_HS8480!$A$2:$A$9,0),17)+INDEX(Raw_EU_HS8480!$B$2:$Y$9,MATCH("Malaysia",Raw_EU_HS8480!$A$2:$A$9,0),17)+INDEX(Raw_EU_HS8480!$B$2:$Y$9,MATCH("Singapore",Raw_EU_HS8480!$A$2:$A$9,0),17)+INDEX(Raw_EU_HS8480!$B$2:$Y$9,MATCH("Thailand",Raw_EU_HS8480!$A$2:$A$9,0),17)+INDEX(Raw_EU_HS8480!$B$2:$Y$9,MATCH("Taiwan",Raw_EU_HS8480!$A$2:$A$9,0),17)+INDEX(Raw_EU_HS8480!$B$2:$Y$9,MATCH("Vietnam",Raw_EU_HS8480!$A$2:$A$9,0),17)))*100 -> -0.70299315 | E56: =(INDEX(Raw_EU_HS8480!$B$2:$Y$9,MATCH("Taiwan",Raw_EU_HS8480!$A$2:$A$9,0),24)/INDEX(Raw_EU_HS8480!$B$2:$Y$9,MATCH("Taiwan",Raw_EU_HS8480!$A$2:$A$9,0),17))^(1/7)-1 -> -0.075642625
A57: Vietnam | B57: =(INDEX(Raw_US_8partners!$B$2:$Y$9,MATCH("Vietnam",Raw_US_8partners!$A$2:$A$9,0),24)/(INDEX(Raw_US_8partners!$B$2:$Y$9,MATCH("Canada",Raw_US_8partners!$A$2:$A$9,0),24)+INDEX(Raw_US_8partners!$B$2:$Y$9,MATCH("China",Raw_US_8partners!$A$2:$A$9,0),24)+INDEX(Raw_US_8partners!$B$2:$Y$9,MATCH("Japan",Raw_US_8partners!$A$2:$A$9,0),24)+INDEX(Raw_US_8partners!$B$2:$Y$9,MATCH("Malaysia",Raw_US_8partners!$A$2:$A$9,0),24)+INDEX(Raw_US_8partners!$B$2:$Y$9,MATCH("Singapore",Raw_US_8partners!$A$2:$A$9,0),24)+INDEX(Raw_US_8partners!$B$2:$Y$9,MATCH("Thailand",Raw_US_8partners!$A$2:$A$9,0),24)+INDEX(Raw_US_8partners!$B$2:$Y$9,MATCH("Taiwan",Raw_US_8partners!$A$2:$A$9,0),24)+INDEX(Raw_US_8partners!$B$2:$Y$9,MATCH("Vietnam",Raw_US_8partners!$A$2:$A$9,0),24))-INDEX(Raw_US_8partners!$B$2:$Y$9,MATCH("Vietnam",Raw_US_8partners!$A$2:$A$9,0),17)/(INDEX(Raw_US_8partners!$B$2:$Y$9,MATCH("Canada",Raw_US_8partners!$A$2:$A$9,0),17)+INDEX(Raw_US_8partners!$B$2:$Y$9,MATCH("China",Raw_US_8partners!$A$2:$A$9,0),17)+INDEX(Raw_US_8partners!$B$2:$Y$9,MATCH("Japan",Raw_US_8partners!$A$2:$A$9,0),17)+INDEX(Raw_US_8partners!$B$2:$Y$9,MATCH("Malaysia",Raw_US_8partners!$A$2:$A$9,0),17)+INDEX(Raw_US_8partners!$B$2:$Y$9,MATCH("Singapore",Raw_US_8partners!$A$2:$A$9,0),17)+INDEX(Raw_US_8partners!$B$2:$Y$9,MATCH("Thailand",Raw_US_8partners!$A$2:$A$9,0),17)+INDEX(Raw_US_8partners!$B$2:$Y$9,MATCH("Taiwan",Raw_US_8partners!$A$2:$A$9,0),17)+INDEX(Raw_US_8partners!$B$2:$Y$9,MATCH("Vietnam",Raw_US_8partners!$A$2:$A$9,0),17)))*100 -> 0.42510822 | C57: =(INDEX(Raw_US_8partners!$B$2:$Y$9,MATCH("Vietnam",Raw_US_8partners!$A$2:$A$9,0),24)/INDEX(Raw_US_8partners!$B$2:$Y$9,MATCH("Vietnam",Raw_US_8partners!$A$2:$A$9,0),17))^(1/7)-1 -> 0.22368865 | D57: =(INDEX(Raw_EU_HS8480!$B$2:$Y$9,MATCH("Vietnam",Raw_EU_HS8480!$A$2:$A$9,0),24)/(INDEX(Raw_EU_HS8480!$B$2:$Y$9,MATCH("Canada",Raw_EU_HS8480!$A$2:$A$9,0),24)+INDEX(Raw_EU_HS8480!$B$2:$Y$9,MATCH("China",Raw_EU_HS8480!$A$2:$A$9,0),24)+INDEX(Raw_EU_HS8480!$B$2:$Y$9,MATCH("Japan",Raw_EU_HS8480!$A$2:$A$9,0),24)+INDEX(Raw_EU_HS8480!$B$2:$Y$9,MATCH("Malaysia",Raw_EU_HS8480!$A$2:$A$9,0),24)+INDEX(Raw_EU_HS8480!$B$2:$Y$9,MATCH("Singapore",Raw_EU_HS8480!$A$2:$A$9,0),24)+INDEX(Raw_EU_HS8480!$B$2:$Y$9,MATCH("Thailand",Raw_EU_HS8480!$A$2:$A$9,0),24)+INDEX(Raw_EU_HS8480!$B$2:$Y$9,MATCH("Taiwan",Raw_EU_HS8480!$A$2:$A$9,0),24)+INDEX(Raw_EU_HS8480!$B$2:$Y$9,MATCH("Vietnam",Raw_EU_HS8480!$A$2:$A$9,0),24))-INDEX(Raw_EU_HS8480!$B$2:$Y$9,MATCH("Vietnam",Raw_EU_HS8480!$A$2:$A$9,0),17)/(INDEX(Raw_EU_HS8480!$B$2:$Y$9,MATCH("Canada",Raw_EU_HS8480!$A$2:$A$9,0),17)+INDEX(Raw_EU_HS8480!$B$2:$Y$9,MATCH("China",Raw_EU_HS8480!$A$2:$A$9,0),17)+INDEX(Raw_EU_HS8480!$B$2:$Y$9,MATCH("Japan",Raw_EU_HS8480!$A$2:$A$9,0),17)+INDEX(Raw_EU_HS8480!$B$2:$Y$9,MATCH("Malaysia",Raw_EU_HS8480!$A$2:$A$9,0),17)+INDEX(Raw_EU_HS8480!$B$2:$Y$9,MATCH("Singapore",Raw_EU_HS8480!$A$2:$A$9,0),17)+INDEX(Raw_EU_HS8480!$B$2:$Y$9,MATCH("Thailand",Raw_EU_HS8480!$A$2:$A$9,0),17)+INDEX(Raw_EU_HS8480!$B$2:$Y$9,MATCH("Taiwan",Raw_EU_HS8480!$A$2:$A$9,0),17)+INDEX(Raw_EU_HS8480!$B$2:$Y$9,MATCH("Vietnam",Raw_EU_HS8480!$A$2:$A$9,0),17)))*100 -> 0.20999679 | E57: =(INDEX(Raw_EU_HS8480!$B$2:$Y$9,MATCH("Vietnam",Raw_EU_HS8480!$A$2:$A$9,0),24)/INDEX(Raw_EU_HS8480!$B$2:$Y$9,MATCH("Vietnam",Raw_EU_HS8480!$A$2:$A$9,0),17))^(1/7)-1 -> 0.064692424

Sheet EU_Detail
A1: EU-27 mould imports by supplier (HS 8480, EUR)
A2: Value, share of basket, and CAGR — live formulas. Source: Eurostat Comext.
A4: Supplier | B4: 2002 | C4: 2008 | D4: 2016 | E4: 2018 | F4: 2020 | G4: 2022 | H4: 2024 | I4: 2025 | J4: CAGR 18–25 | K4: % basket 2025
A5: Canada | B5: =INDEX(Raw_EU_HS8480!$B$2:$Y$9,MATCH("Canada",Raw_EU_HS8480!$A$2:$A$9,0),1) -> 18989123 | C5: =INDEX(Raw_EU_HS8480!$B$2:$Y$9,MATCH("Canada",Raw_EU_HS8480!$A$2:$A$9,0),7) -> 21541501 | D5: =INDEX(Raw_EU_HS8480!$B$2:$Y$9,MATCH("Canada",Raw_EU_HS8480!$A$2:$A$9,0),15) -> 31906240 | E5: =INDEX(Raw_EU_HS8480!$B$2:$Y$9,MATCH("Canada",Raw_EU_HS8480!$A$2:$A$9,0),17) -> 33805163 | F5: =INDEX(Raw_EU_HS8480!$B$2:$Y$9,MATCH("Canada",Raw_EU_HS8480!$A$2:$A$9,0),19) -> 24367976 | G5: =INDEX(Raw_EU_HS8480!$B$2:$Y$9,MATCH("Canada",Raw_EU_HS8480!$A$2:$A$9,0),21) -> 25654284 | H5: =INDEX(Raw_EU_HS8480!$B$2:$Y$9,MATCH("Canada",Raw_EU_HS8480!$A$2:$A$9,0),23) -> 21618881 | I5: =INDEX(Raw_EU_HS8480!$B$2:$Y$9,MATCH("Canada",Raw_EU_HS8480!$A$2:$A$9,0),24) -> 21812636 | J5: =(INDEX(Raw_EU_HS8480!$B$2:$Y$9,MATCH("Canada",Raw_EU_HS8480!$A$2:$A$9,0),24)/INDEX(Raw_EU_HS8480!$B$2:$Y$9,MATCH("Canada",Raw_EU_HS8480!$A$2:$A$9,0),17))^(1/7)-1 -> -0.06067069 | K5: =INDEX(Raw_EU_HS8480!$B$2:$Y$9,MATCH("Canada",Raw_EU_HS8480!$A$2:$A$9,0),24)/(INDEX(Raw_EU_HS8480!$B$2:$Y$9,MATCH("Canada",Raw_EU_HS8480!$A$2:$A$9,0),24)+INDEX(Raw_EU_HS8480!$B$2:$Y$9,MATCH("China",Raw_EU_HS8480!$A$2:$A$9,0),24)+INDEX(Raw_EU_HS8480!$B$2:$Y$9,MATCH("Japan",Raw_EU_HS8480!$A$2:$A$9,0),24)+INDEX(Raw_EU_HS8480!$B$2:$Y$9,MATCH("Malaysia",Raw_EU_HS8480!$A$2:$A$9,0),24)+INDEX(Raw_EU_HS8480!$B$2:$Y$9,MATCH("Singapore",Raw_EU_HS8480!$A$2:$A$9,0),24)+INDEX(Raw_EU_HS8480!$B$2:$Y$9,MATCH("Thailand",Raw_EU_HS8480!$A$2:$A$9,0),24)+INDEX(Raw_EU_HS8480!$B$2:$Y$9,MATCH("Taiwan",Raw_EU_HS8480!$A$2:$A$9,0),24)+INDEX(Raw_EU_HS8480!$B$2:$Y$9,MATCH("Vietnam",Raw_EU_HS8480!$A$2:$A$9,0),24)) -> 0.012866852
A6: China | B6: =INDEX(Raw_EU_HS8480!$B$2:$Y$9,MATCH("China",Raw_EU_HS8480!$A$2:$A$9,0),1) -> 25574992 | C6: =INDEX(Raw_EU_HS8480!$B$2:$Y$9,MATCH("China",Raw_EU_HS8480!$A$2:$A$9,0),7) -> 277579421 | D6: =INDEX(Raw_EU_HS8480!$B$2:$Y$9,MATCH("China",Raw_EU_HS8480!$A$2:$A$9,0),15) -> 923862453 | E6: =INDEX(Raw_EU_HS8480!$B$2:$Y$9,MATCH("China",Raw_EU_HS8480!$A$2:$A$9,0),17) -> 1164976717 | F6: =INDEX(Raw_EU_HS8480!$B$2:$Y$9,MATCH("China",Raw_EU_HS8480!$A$2:$A$9,0),19) -> 1092728614 | G6: =INDEX(Raw_EU_HS8480!$B$2:$Y$9,MATCH("China",Raw_EU_HS8480!$A$2:$A$9,0),21) -> 1222325853 | H6: =INDEX(Raw_EU_HS8480!$B$2:$Y$9,MATCH("China",Raw_EU_HS8480!$A$2:$A$9,0),23) -> 1366732848 | I6: =INDEX(Raw_EU_HS8480!$B$2:$Y$9,MATCH("China",Raw_EU_HS8480!$A$2:$A$9,0),24) -> 1587398991 | J6: =(INDEX(Raw_EU_HS8480!$B$2:$Y$9,MATCH("China",Raw_EU_HS8480!$A$2:$A$9,0),24)/INDEX(Raw_EU_HS8480!$B$2:$Y$9,MATCH("China",Raw_EU_HS8480!$A$2:$A$9,0),17))^(1/7)-1 -> 0.045190733 | K6: =INDEX(Raw_EU_HS8480!$B$2:$Y$9,MATCH("China",Raw_EU_HS8480!$A$2:$A$9,0),24)/(INDEX(Raw_EU_HS8480!$B$2:$Y$9,MATCH("Canada",Raw_EU_HS8480!$A$2:$A$9,0),24)+INDEX(Raw_EU_HS8480!$B$2:$Y$9,MATCH("China",Raw_EU_HS8480!$A$2:$A$9,0),24)+INDEX(Raw_EU_HS8480!$B$2:$Y$9,MATCH("Japan",Raw_EU_HS8480!$A$2:$A$9,0),24)+INDEX(Raw_EU_HS8480!$B$2:$Y$9,MATCH("Malaysia",Raw_EU_HS8480!$A$2:$A$9,0),24)+INDEX(Raw_EU_HS8480!$B$2:$Y$9,MATCH("Singapore",Raw_EU_HS8480!$A$2:$A$9,0),24)+INDEX(Raw_EU_HS8480!$B$2:$Y$9,MATCH("Thailand",Raw_EU_HS8480!$A$2:$A$9,0),24)+INDEX(Raw_EU_HS8480!$B$2:$Y$9,MATCH("Taiwan",Raw_EU_HS8480!$A$2:$A$9,0),24)+INDEX(Raw_EU_HS8480!$B$2:$Y$9,MATCH("Vietnam",Raw_EU_HS8480!$A$2:$A$9,0),24)) -> 0.93637597
A7: Japan | B7: =INDEX(Raw_EU_HS8480!$B$2:$Y$9,MATCH("Japan",Raw_EU_HS8480!$A$2:$A$9,0),1) -> 48383887 | C7: =INDEX(Raw_EU_HS8480!$B$2:$Y$9,MATCH("Japan",Raw_EU_HS8480!$A$2:$A$9,0),7) -> 84031258 | D7: =INDEX(Raw_EU_HS8480!$B$2:$Y$9,MATCH("Japan",Raw_EU_HS8480!$A$2:$A$9,0),15) -> 60499396 | E7: =INDEX(Raw_EU_HS8480!$B$2:$Y$9,MATCH("Japan",Raw_EU_HS8480!$A$2:$A$9,0),17) -> 60443746 | F7: =INDEX(Raw_EU_HS8480!$B$2:$Y$9,MATCH("Japan",Raw_EU_HS8480!$A$2:$A$9,0),19) -> 37455483 | G7: =INDEX(Raw_EU_HS8480!$B$2:$Y$9,MATCH("Japan",Raw_EU_HS8480!$A$2:$A$9,0),21) -> 33469382 | H7: =INDEX(Raw_EU_HS8480!$B$2:$Y$9,MATCH("Japan",Raw_EU_HS8480!$A$2:$A$9,0),23) -> 28457008 | I7: =INDEX(Raw_EU_HS8480!$B$2:$Y$9,MATCH("Japan",Raw_EU_HS8480!$A$2:$A$9,0),24) -> 23490984 | J7: =(INDEX(Raw_EU_HS8480!$B$2:$Y$9,MATCH("Japan",Raw_EU_HS8480!$A$2:$A$9,0),24)/INDEX(Raw_EU_HS8480!$B$2:$Y$9,MATCH("Japan",Raw_EU_HS8480!$A$2:$A$9,0),17))^(1/7)-1 -> -0.12629612 | K7: =INDEX(Raw_EU_HS8480!$B$2:$Y$9,MATCH("Japan",Raw_EU_HS8480!$A$2:$A$9,0),24)/(INDEX(Raw_EU_HS8480!$B$2:$Y$9,MATCH("Canada",Raw_EU_HS8480!$A$2:$A$9,0),24)+INDEX(Raw_EU_HS8480!$B$2:$Y$9,MATCH("China",Raw_EU_HS8480!$A$2:$A$9,0),24)+INDEX(Raw_EU_HS8480!$B$2:$Y$9,MATCH("Japan",Raw_EU_HS8480!$A$2:$A$9,0),24)+INDEX(Raw_EU_HS8480!$B$2:$Y$9,MATCH("Malaysia",Raw_EU_HS8480!$A$2:$A$9,0),24)+INDEX(Raw_EU_HS8480!$B$2:$Y$9,MATCH("Singapore",Raw_EU_HS8480!$A$2:$A$9,0),24)+INDEX(Raw_EU_HS8480!$B$2:$Y$9,MATCH("Thailand",Raw_EU_HS8480!$A$2:$A$9,0),24)+INDEX(Raw_EU_HS8480!$B$2:$Y$9,MATCH("Taiwan",Raw_EU_HS8480!$A$2:$A$9,0),24)+INDEX(Raw_EU_HS8480!$B$2:$Y$9,MATCH("Vietnam",Raw_EU_HS8480!$A$2:$A$9,0),24)) -> 0.013856877
A8: Malaysia | B8: =INDEX(Raw_EU_HS8480!$B$2:$Y$9,MATCH("Malaysia",Raw_EU_HS8480!$A$2:$A$9,0),1) -> 5089985 | C8: =INDEX(Raw_EU_HS8480!$B$2:$Y$9,MATCH("Malaysia",Raw_EU_HS8480!$A$2:$A$9,0),7) -> 12964056 | D8: =INDEX(Raw_EU_HS8480!$B$2:$Y$9,MATCH("Malaysia",Raw_EU_HS8480!$A$2:$A$9,0),15) -> 10754757 | E8: =INDEX(Raw_EU_HS8480!$B$2:$Y$9,MATCH("Malaysia",Raw_EU_HS8480!$A$2:$A$9,0),17) -> 13082494 | F8: =INDEX(Raw_EU_HS8480!$B$2:$Y$9,MATCH("Malaysia",Raw_EU_HS8480!$A$2:$A$9,0),19) -> 10931848 | G8: =INDEX(Raw_EU_HS8480!$B$2:$Y$9,MATCH("Malaysia",Raw_EU_HS8480!$A$2:$A$9,0),21) -> 14293436 | H8: =INDEX(Raw_EU_HS8480!$B$2:$Y$9,MATCH("Malaysia",Raw_EU_HS8480!$A$2:$A$9,0),23) -> 7087694 | I8: =INDEX(Raw_EU_HS8480!$B$2:$Y$9,MATCH("Malaysia",Raw_EU_HS8480!$A$2:$A$9,0),24) -> 6652928 | J8: =(INDEX(Raw_EU_HS8480!$B$2:$Y$9,MATCH("Malaysia",Raw_EU_HS8480!$A$2:$A$9,0),24)/INDEX(Raw_EU_HS8480!$B$2:$Y$9,MATCH("Malaysia",Raw_EU_HS8480!$A$2:$A$9,0),17))^(1/7)-1 -> -0.092083226 | K8: =INDEX(Raw_EU_HS8480!$B$2:$Y$9,MATCH("Malaysia",Raw_EU_HS8480!$A$2:$A$9,0),24)/(INDEX(Raw_EU_HS8480!$B$2:$Y$9,MATCH("Canada",Raw_EU_HS8480!$A$2:$A$9,0),24)+INDEX(Raw_EU_HS8480!$B$2:$Y$9,MATCH("China",Raw_EU_HS8480!$A$2:$A$9,0),24)+INDEX(Raw_EU_HS8480!$B$2:$Y$9,MATCH("Japan",Raw_EU_HS8480!$A$2:$A$9,0),24)+INDEX(Raw_EU_HS8480!$B$2:$Y$9,MATCH("Malaysia",Raw_EU_HS8480!$A$2:$A$9,0),24)+INDEX(Raw_EU_HS8480!$B$2:$Y$9,MATCH("Singapore",Raw_EU_HS8480!$A$2:$A$9,0),24)+INDEX(Raw_EU_HS8480!$B$2:$Y$9,MATCH("Thailand",Raw_EU_HS8480!$A$2:$A$9,0),24)+INDEX(Raw_EU_HS8480!$B$2:$Y$9,MATCH("Taiwan",Raw_EU_HS8480!$A$2:$A$9,0),24)+INDEX(Raw_EU_HS8480!$B$2:$Y$9,MATCH("Vietnam",Raw_EU_HS8480!$A$2:$A$9,0),24)) -> 0.0039244336
A9: Singapore | B9: =INDEX(Raw_EU_HS8480!$B$2:$Y$9,MATCH("Singapore",Raw_EU_HS8480!$A$2:$A$9,0),1) -> 6448794 | C9: =INDEX(Raw_EU_HS8480!$B$2:$Y$9,MATCH("Singapore",Raw_EU_HS8480!$A$2:$A$9,0),7) -> 10030510 | D9: =INDEX(Raw_EU_HS8480!$B$2:$Y$9,MATCH("Singapore",Raw_EU_HS8480!$A$2:$A$9,0),15) -> 19061360 | E9: =INDEX(Raw_EU_HS8480!$B$2:$Y$9,MATCH("Singapore",Raw_EU_HS8480!$A$2:$A$9,0),17) -> 13731158 | F9: =INDEX(Raw_EU_HS8480!$B$2:$Y$9,MATCH("Singapore",Raw_EU_HS8480!$A$2:$A$9,0),19) -> 14678051 | G9: =INDEX(Raw_EU_HS8480!$B$2:$Y$9,MATCH("Singapore",Raw_EU_HS8480!$A$2:$A$9,0),21) -> 17908192 | H9: =INDEX(Raw_EU_HS8480!$B$2:$Y$9,MATCH("Singapore",Raw_EU_HS8480!$A$2:$A$9,0),23) -> 21892569 | I9: =INDEX(Raw_EU_HS8480!$B$2:$Y$9,MATCH("Singapore",Raw_EU_HS8480!$A$2:$A$9,0),24) -> 19469717 | J9: =(INDEX(Raw_EU_HS8480!$B$2:$Y$9,MATCH("Singapore",Raw_EU_HS8480!$A$2:$A$9,0),24)/INDEX(Raw_EU_HS8480!$B$2:$Y$9,MATCH("Singapore",Raw_EU_HS8480!$A$2:$A$9,0),17))^(1/7)-1 -> 0.051149866 | K9: =INDEX(Raw_EU_HS8480!$B$2:$Y$9,MATCH("Singapore",Raw_EU_HS8480!$A$2:$A$9,0),24)/(INDEX(Raw_EU_HS8480!$B$2:$Y$9,MATCH("Canada",Raw_EU_HS8480!$A$2:$A$9,0),24)+INDEX(Raw_EU_HS8480!$B$2:$Y$9,MATCH("China",Raw_EU_HS8480!$A$2:$A$9,0),24)+INDEX(Raw_EU_HS8480!$B$2:$Y$9,MATCH("Japan",Raw_EU_HS8480!$A$2:$A$9,0),24)+INDEX(Raw_EU_HS8480!$B$2:$Y$9,MATCH("Malaysia",Raw_EU_HS8480!$A$2:$A$9,0),24)+INDEX(Raw_EU_HS8480!$B$2:$Y$9,MATCH("Singapore",Raw_EU_HS8480!$A$2:$A$9,0),24)+INDEX(Raw_EU_HS8480!$B$2:$Y$9,MATCH("Thailand",Raw_EU_HS8480!$A$2:$A$9,0),24)+INDEX(Raw_EU_HS8480!$B$2:$Y$9,MATCH("Taiwan",Raw_EU_HS8480!$A$2:$A$9,0),24)+INDEX(Raw_EU_HS8480!$B$2:$Y$9,MATCH("Vietnam",Raw_EU_HS8480!$A$2:$A$9,0),24)) -> 0.01148481
A10: Thailand | B10: =INDEX(Raw_EU_HS8480!$B$2:$Y$9,MATCH("Thailand",Raw_EU_HS8480!$A$2:$A$9,0),1) -> 2695690 | C10: =INDEX(Raw_EU_HS8480!$B$2:$Y$9,MATCH("Thailand",Raw_EU_HS8480!$A$2:$A$9,0),7) -> 6259193 | D10: =INDEX(Raw_EU_HS8480!$B$2:$Y$9,MATCH("Thailand",Raw_EU_HS8480!$A$2:$A$9,0),15) -> 6424117 | E10: =INDEX(Raw_EU_HS8480!$B$2:$Y$9,MATCH("Thailand",Raw_EU_HS8480!$A$2:$A$9,0),17) -> 3005738 | F10: =INDEX(Raw_EU_HS8480!$B$2:$Y$9,MATCH("Thailand",Raw_EU_HS8480!$A$2:$A$9,0),19) -> 4377521 | G10: =INDEX(Raw_EU_HS8480!$B$2:$Y$9,MATCH("Thailand",Raw_EU_HS8480!$A$2:$A$9,0),21) -> 5801557 | H10: =INDEX(Raw_EU_HS8480!$B$2:$Y$9,MATCH("Thailand",Raw_EU_HS8480!$A$2:$A$9,0),23) -> 4036826 | I10: =INDEX(Raw_EU_HS8480!$B$2:$Y$9,MATCH("Thailand",Raw_EU_HS8480!$A$2:$A$9,0),24) -> 5964461 | J10: =(INDEX(Raw_EU_HS8480!$B$2:$Y$9,MATCH("Thailand",Raw_EU_HS8480!$A$2:$A$9,0),24)/INDEX(Raw_EU_HS8480!$B$2:$Y$9,MATCH("Thailand",Raw_EU_HS8480!$A$2:$A$9,0),17))^(1/7)-1 -> 0.1028518 | K10: =INDEX(Raw_EU_HS8480!$B$2:$Y$9,MATCH("Thailand",Raw_EU_HS8480!$A$2:$A$9,0),24)/(INDEX(Raw_EU_HS8480!$B$2:$Y$9,MATCH("Canada",Raw_EU_HS8480!$A$2:$A$9,0),24)+INDEX(Raw_EU_HS8480!$B$2:$Y$9,MATCH("China",Raw_EU_HS8480!$A$2:$A$9,0),24)+INDEX(Raw_EU_HS8480!$B$2:$Y$9,MATCH("Japan",Raw_EU_HS8480!$A$2:$A$9,0),24)+INDEX(Raw_EU_HS8480!$B$2:$Y$9,MATCH("Malaysia",Raw_EU_HS8480!$A$2:$A$9,0),24)+INDEX(Raw_EU_HS8480!$B$2:$Y$9,MATCH("Singapore",Raw_EU_HS8480!$A$2:$A$9,0),24)+INDEX(Raw_EU_HS8480!$B$2:$Y$9,MATCH("Thailand",Raw_EU_HS8480!$A$2:$A$9,0),24)+INDEX(Raw_EU_HS8480!$B$2:$Y$9,MATCH("Taiwan",Raw_EU_HS8480!$A$2:$A$9,0),24)+INDEX(Raw_EU_HS8480!$B$2:$Y$9,MATCH("Vietnam",Raw_EU_HS8480!$A$2:$A$9,0),24)) -> 0.0035183202
A11: Taiwan | B11: =INDEX(Raw_EU_HS8480!$B$2:$Y$9,MATCH("Taiwan",Raw_EU_HS8480!$A$2:$A$9,0),1) -> 17918798 | C11: =INDEX(Raw_EU_HS8480!$B$2:$Y$9,MATCH("Taiwan",Raw_EU_HS8480!$A$2:$A$9,0),7) -> 24045380 | D11: =INDEX(Raw_EU_HS8480!$B$2:$Y$9,MATCH("Taiwan",Raw_EU_HS8480!$A$2:$A$9,0),15) -> 22714317 | E11: =INDEX(Raw_EU_HS8480!$B$2:$Y$9,MATCH("Taiwan",Raw_EU_HS8480!$A$2:$A$9,0),17) -> 16823169 | F11: =INDEX(Raw_EU_HS8480!$B$2:$Y$9,MATCH("Taiwan",Raw_EU_HS8480!$A$2:$A$9,0),19) -> 14188269 | G11: =INDEX(Raw_EU_HS8480!$B$2:$Y$9,MATCH("Taiwan",Raw_EU_HS8480!$A$2:$A$9,0),21) -> 12520526 | H11: =INDEX(Raw_EU_HS8480!$B$2:$Y$9,MATCH("Taiwan",Raw_EU_HS8480!$A$2:$A$9,0),23) -> 11591978 | I11: =INDEX(Raw_EU_HS8480!$B$2:$Y$9,MATCH("Taiwan",Raw_EU_HS8480!$A$2:$A$9,0),24) -> 9700345 | J11: =(INDEX(Raw_EU_HS8480!$B$2:$Y$9,MATCH("Taiwan",Raw_EU_HS8480!$A$2:$A$9,0),24)/INDEX(Raw_EU_HS8480!$B$2:$Y$9,MATCH("Taiwan",Raw_EU_HS8480!$A$2:$A$9,0),17))^(1/7)-1 -> -0.075642625 | K11: =INDEX(Raw_EU_HS8480!$B$2:$Y$9,MATCH("Taiwan",Raw_EU_HS8480!$A$2:$A$9,0),24)/(INDEX(Raw_EU_HS8480!$B$2:$Y$9,MATCH("Canada",Raw_EU_HS8480!$A$2:$A$9,0),24)+INDEX(Raw_EU_HS8480!$B$2:$Y$9,MATCH("China",Raw_EU_HS8480!$A$2:$A$9,0),24)+INDEX(Raw_EU_HS8480!$B$2:$Y$9,MATCH("Japan",Raw_EU_HS8480!$A$2:$A$9,0),24)+INDEX(Raw_EU_HS8480!$B$2:$Y$9,MATCH("Malaysia",Raw_EU_HS8480!$A$2:$A$9,0),24)+INDEX(Raw_EU_HS8480!$B$2:$Y$9,MATCH("Singapore",Raw_EU_HS8480!$A$2:$A$9,0),24)+INDEX(Raw_EU_HS8480!$B$2:$Y$9,MATCH("Thailand",Raw_EU_HS8480!$A$2:$A$9,0),24)+INDEX(Raw_EU_HS8480!$B$2:$Y$9,MATCH("Taiwan",Raw_EU_HS8480!$A$2:$A$9,0),24)+INDEX(Raw_EU_HS8480!$B$2:$Y$9,MATCH("Vietnam",Raw_EU_HS8480!$A$2:$A$9,0),24)) -> 0.0057220459
A12: Vietnam | B12: =INDEX(Raw_EU_HS8480!$B$2:$Y$9,MATCH("Vietnam",Raw_EU_HS8480!$A$2:$A$9,0),1) -> 56974 | C12: =INDEX(Raw_EU_HS8480!$B$2:$Y$9,MATCH("Vietnam",Raw_EU_HS8480!$A$2:$A$9,0),7) -> 421453 | D12: =INDEX(Raw_EU_HS8480!$B$2:$Y$9,MATCH("Vietnam",Raw_EU_HS8480!$A$2:$A$9,0),15) -> 9984222 | E12: =INDEX(Raw_EU_HS8480!$B$2:$Y$9,MATCH("Vietnam",Raw_EU_HS8480!$A$2:$A$9,0),17) -> 13391444 | F12: =INDEX(Raw_EU_HS8480!$B$2:$Y$9,MATCH("Vietnam",Raw_EU_HS8480!$A$2:$A$9,0),19) -> 17931029 | G12: =INDEX(Raw_EU_HS8480!$B$2:$Y$9,MATCH("Vietnam",Raw_EU_HS8480!$A$2:$A$9,0),21) -> 17733099 | H12: =INDEX(Raw_EU_HS8480!$B$2:$Y$9,MATCH("Vietnam",Raw_EU_HS8480!$A$2:$A$9,0),23) -> 17113867 | I12: =INDEX(Raw_EU_HS8480!$B$2:$Y$9,MATCH("Vietnam",Raw_EU_HS8480!$A$2:$A$9,0),24) -> 20768090 | J12: =(INDEX(Raw_EU_HS8480!$B$2:$Y$9,MATCH("Vietnam",Raw_EU_HS8480!$A$2:$A$9,0),24)/INDEX(Raw_EU_HS8480!$B$2:$Y$9,MATCH("Vietnam",Raw_EU_HS8480!$A$2:$A$9,0),17))^(1/7)-1 -> 0.064692424 | K12: =INDEX(Raw_EU_HS8480!$B$2:$Y$9,MATCH("Vietnam",Raw_EU_HS8480!$A$2:$A$9,0),24)/(INDEX(Raw_EU_HS8480!$B$2:$Y$9,MATCH("Canada",Raw_EU_HS8480!$A$2:$A$9,0),24)+INDEX(Raw_EU_HS8480!$B$2:$Y$9,MATCH("China",Raw_EU_HS8480!$A$2:$A$9,0),24)+INDEX(Raw_EU_HS8480!$B$2:$Y$9,MATCH("Japan",Raw_EU_HS8480!$A$2:$A$9,0),24)+INDEX(Raw_EU_HS8480!$B$2:$Y$9,MATCH("Malaysia",Raw_EU_HS8480!$A$2:$A$9,0),24)+INDEX(Raw_EU_HS8480!$B$2:$Y$9,MATCH("Singapore",Raw_EU_HS8480!$A$2:$A$9,0),24)+INDEX(Raw_EU_HS8480!$B$2:$Y$9,MATCH("Thailand",Raw_EU_HS8480!$A$2:$A$9,0),24)+INDEX(Raw_EU_HS8480!$B$2:$Y$9,MATCH("Taiwan",Raw_EU_HS8480!$A$2:$A$9,0),24)+INDEX(Raw_EU_HS8480!$B$2:$Y$9,MATCH("Vietnam",Raw_EU_HS8480!$A$2:$A$9,0),24)) -> 0.012250695
A13: Basket total | B13: =(INDEX(Raw_EU_HS8480!$B$2:$Y$9,MATCH("Canada",Raw_EU_HS8480!$A$2:$A$9,0),1)+INDEX(Raw_EU_HS8480!$B$2:$Y$9,MATCH("China",Raw_EU_HS8480!$A$2:$A$9,0),1)+INDEX(Raw_EU_HS8480!$B$2:$Y$9,MATCH("Japan",Raw_EU_HS8480!$A$2:$A$9,0),1)+INDEX(Raw_EU_HS8480!$B$2:$Y$9,MATCH("Malaysia",Raw_EU_HS8480!$A$2:$A$9,0),1)+INDEX(Raw_EU_HS8480!$B$2:$Y$9,MATCH("Singapore",Raw_EU_HS8480!$A$2:$A$9,0),1)+INDEX(Raw_EU_HS8480!$B$2:$Y$9,MATCH("Thailand",Raw_EU_HS8480!$A$2:$A$9,0),1)+INDEX(Raw_EU_HS8480!$B$2:$Y$9,MATCH("Taiwan",Raw_EU_HS8480!$A$2:$A$9,0),1)+INDEX(Raw_EU_HS8480!$B$2:$Y$9,MATCH("Vietnam",Raw_EU_HS8480!$A$2:$A$9,0),1)) -> 125158243 | C13: =(INDEX(Raw_EU_HS8480!$B$2:$Y$9,MATCH("Canada",Raw_EU_HS8480!$A$2:$A$9,0),7)+INDEX(Raw_EU_HS8480!$B$2:$Y$9,MATCH("China",Raw_EU_HS8480!$A$2:$A$9,0),7)+INDEX(Raw_EU_HS8480!$B$2:$Y$9,MATCH("Japan",Raw_EU_HS8480!$A$2:$A$9,0),7)+INDEX(Raw_EU_HS8480!$B$2:$Y$9,MATCH("Malaysia",Raw_EU_HS8480!$A$2:$A$9,0),7)+INDEX(Raw_EU_HS8480!$B$2:$Y$9,MATCH("Singapore",Raw_EU_HS8480!$A$2:$A$9,0),7)+INDEX(Raw_EU_HS8480!$B$2:$Y$9,MATCH("Thailand",Raw_EU_HS8480!$A$2:$A$9,0),7)+INDEX(Raw_EU_HS8480!$B$2:$Y$9,MATCH("Taiwan",Raw_EU_HS8480!$A$2:$A$9,0),7)+INDEX(Raw_EU_HS8480!$B$2:$Y$9,MATCH("Vietnam",Raw_EU_HS8480!$A$2:$A$9,0),7)) -> 436872772 | D13: =(INDEX(Raw_EU_HS8480!$B$2:$Y$9,MATCH("Canada",Raw_EU_HS8480!$A$2:$A$9,0),15)+INDEX(Raw_EU_HS8480!$B$2:$Y$9,MATCH("China",Raw_EU_HS8480!$A$2:$A$9,0),15)+INDEX(Raw_EU_HS8480!$B$2:$Y$9,MATCH("Japan",Raw_EU_HS8480!$A$2:$A$9,0),15)+INDEX(Raw_EU_HS8480!$B$2:$Y$9,MATCH("Malaysia",Raw_EU_HS8480!$A$2:$A$9,0),15)+INDEX(Raw_EU_HS8480!$B$2:$Y$9,MATCH("Singapore",Raw_EU_HS8480!$A$2:$A$9,0),15)+INDEX(Raw_EU_HS8480!$B$2:$Y$9,MATCH("Thailand",Raw_EU_HS8480!$A$2:$A$9,0),15)+INDEX(Raw_EU_HS8480!$B$2:$Y$9,MATCH("Taiwan",Raw_EU_HS8480!$A$2:$A$9,0),15)+INDEX(Raw_EU_HS8480!$B$2:$Y$9,MATCH("Vietnam",Raw_EU_HS8480!$A$2:$A$9,0),15)) -> 1085206862 | E13: =(INDEX(Raw_EU_HS8480!$B$2:$Y$9,MATCH("Canada",Raw_EU_HS8480!$A$2:$A$9,0),17)+INDEX(Raw_EU_HS8480!$B$2:$Y$9,MATCH("China",Raw_EU_HS8480!$A$2:$A$9,0),17)+INDEX(Raw_EU_HS8480!$B$2:$Y$9,MATCH("Japan",Raw_EU_HS8480!$A$2:$A$9,0),17)+INDEX(Raw_EU_HS8480!$B$2:$Y$9,MATCH("Malaysia",Raw_EU_HS8480!$A$2:$A$9,0),17)+INDEX(Raw_EU_HS8480!$B$2:$Y$9,MATCH("Singapore",Raw_EU_HS8480!$A$2:$A$9,0),17)+INDEX(Raw_EU_HS8480!$B$2:$Y$9,MATCH("Thailand",Raw_EU_HS8480!$A$2:$A$9,0),17)+INDEX(Raw_EU_HS8480!$B$2:$Y$9,MATCH("Taiwan",Raw_EU_HS8480!$A$2:$A$9,0),17)+INDEX(Raw_EU_HS8480!$B$2:$Y$9,MATCH("Vietnam",Raw_EU_HS8480!$A$2:$A$9,0),17)) -> 1319259629 | F13: =(INDEX(Raw_EU_HS8480!$B$2:$Y$9,MATCH("Canada",Raw_EU_HS8480!$A$2:$A$9,0),19)+INDEX(Raw_EU_HS8480!$B$2:$Y$9,MATCH("China",Raw_EU_HS8480!$A$2:$A$9,0),19)+INDEX(Raw_EU_HS8480!$B$2:$Y$9,MATCH("Japan",Raw_EU_HS8480!$A$2:$A$9,0),19)+INDEX(Raw_EU_HS8480!$B$2:$Y$9,MATCH("Malaysia",Raw_EU_HS8480!$A$2:$A$9,0),19)+INDEX(Raw_EU_HS8480!$B$2:$Y$9,MATCH("Singapore",Raw_EU_HS8480!$A$2:$A$9,0),19)+INDEX(Raw_EU_HS8480!$B$2:$Y$9,MATCH("Thailand",Raw_EU_HS8480!$A$2:$A$9,0),19)+INDEX(Raw_EU_HS8480!$B$2:$Y$9,MATCH("Taiwan",Raw_EU_HS8480!$A$2:$A$9,0),19)+INDEX(Raw_EU_HS8480!$B$2:$Y$9,MATCH("Vietnam",Raw_EU_HS8480!$A$2:$A$9,0),19)) -> 1216658791 | G13: =(INDEX(Raw_EU_HS8480!$B$2:$Y$9,MATCH("Canada",Raw_EU_HS8480!$A$2:$A$9,0),21)+INDEX(Raw_EU_HS8480!$B$2:$Y$9,MATCH("China",Raw_EU_HS8480!$A$2:$A$9,0),21)+INDEX(Raw_EU_HS8480!$B$2:$Y$9,MATCH("Japan",Raw_EU_HS8480!$A$2:$A$9,0),21)+INDEX(Raw_EU_HS8480!$B$2:$Y$9,MATCH("Malaysia",Raw_EU_HS8480!$A$2:$A$9,0),21)+INDEX(Raw_EU_HS8480!$B$2:$Y$9,MATCH("Singapore",Raw_EU_HS8480!$A$2:$A$9,0),21)+INDEX(Raw_EU_HS8480!$B$2:$Y$9,MATCH("Thailand",Raw_EU_HS8480!$A$2:$A$9,0),21)+INDEX(Raw_EU_HS8480!$B$2:$Y$9,MATCH("Taiwan",Raw_EU_HS8480!$A$2:$A$9,0),21)+INDEX(Raw_EU_HS8480!$B$2:$Y$9,MATCH("Vietnam",Raw_EU_HS8480!$A$2:$A$9,0),21)) -> 1349706329 | H13: =(INDEX(Raw_EU_HS8480!$B$2:$Y$9,MATCH("Canada",Raw_EU_HS8480!$A$2:$A$9,0),23)+INDEX(Raw_EU_HS8480!$B$2:$Y$9,MATCH("China",Raw_EU_HS8480!$A$2:$A$9,0),23)+INDEX(Raw_EU_HS8480!$B$2:$Y$9,MATCH("Japan",Raw_EU_HS8480!$A$2:$A$9,0),23)+INDEX(Raw_EU_HS8480!$B$2:$Y$9,MATCH("Malaysia",Raw_EU_HS8480!$A$2:$A$9,0),23)+INDEX(Raw_EU_HS8480!$B$2:$Y$9,MATCH("Singapore",Raw_EU_HS8480!$A$2:$A$9,0),23)+INDEX(Raw_EU_HS8480!$B$2:$Y$9,MATCH("Thailand",Raw_EU_HS8480!$A$2:$A$9,0),23)+INDEX(Raw_EU_HS8480!$B$2:$Y$9,MATCH("Taiwan",Raw_EU_HS8480!$A$2:$A$9,0),23)+INDEX(Raw_EU_HS8480!$B$2:$Y$9,MATCH("Vietnam",Raw_EU_HS8480!$A$2:$A$9,0),23)) -> 1478531671 | I13: =(INDEX(Raw_EU_HS8480!$B$2:$Y$9,MATCH("Canada",Raw_EU_HS8480!$A$2:$A$9,0),24)+INDEX(Raw_EU_HS8480!$B$2:$Y$9,MATCH("China",Raw_EU_HS8480!$A$2:$A$9,0),24)+INDEX(Raw_EU_HS8480!$B$2:$Y$9,MATCH("Japan",Raw_EU_HS8480!$A$2:$A$9,0),24)+INDEX(Raw_EU_HS8480!$B$2:$Y$9,MATCH("Malaysia",Raw_EU_HS8480!$A$2:$A$9,0),24)+INDEX(Raw_EU_HS8480!$B$2:$Y$9,MATCH("Singapore",Raw_EU_HS8480!$A$2:$A$9,0),24)+INDEX(Raw_EU_HS8480!$B$2:$Y$9,MATCH("Thailand",Raw_EU_HS8480!$A$2:$A$9,0),24)+INDEX(Raw_EU_HS8480!$B$2:$Y$9,MATCH("Taiwan",Raw_EU_HS8480!$A$2:$A$9,0),24)+INDEX(Raw_EU_HS8480!$B$2:$Y$9,MATCH("Vietnam",Raw_EU_HS8480!$A$2:$A$9,0),24)) -> 1695258152

Sheet Raw_EU_HS8480
A1: Partner | B1: 2002 | C1: 2003 | D1: 2004 | E1: 2005 | F1: 2006 | G1: 2007 | H1: 2008 | I1: 2009 | J1: 2010 | K1: 2011 | L1: 2012 | M1: 2013 | N1: 2014 | O1: 2015 | P1: 2016 | Q1: 2017 | R1: 2018 | S1: 2019 | T1: 2020 | U1: 2021 | V1: 2022 | W1: 2023 | X1: 2024 | Y1: 2025
A2: Canada | B2: 18989123 | C2: 27958204 | D2: 18309378 | E2: 18240522 | F2: 20509631 | G2: 13742075 | H2: 21541501 | I2: 20442330 | J2: 19628906 | K2: 15171987 | L2: 14827901 | M2: 15389982 | N2: 16851615 | O2: 25856214 | P2: 31906240 | Q2: 32855702 | R2: 33805163 | S2: 31608570 | T2: 24367976 | U2: 31047945 | V2: 25654284 | W2: 26356370 | X2: 21618881 | Y2: 21812636
A3: China | B3: 25574992 | C3: 38155913 | D3: 66967440 | E3: 96872754 | F3: 140869593 | G3: 194754681 | H3: 277579421 | I3: 268717127 | J3: 290525760 | K3: 398856558 | L3: 535060038 | M3: 610714458 | N3: 648540628 | O3: 834988096 | P3: 923862453 | Q3: 1044419585 | R3: 1164976717 | S3: 1239456186 | T3: 1092728614 | U3: 1111961043 | V3: 1222325853 | W3: 1370668360 | X3: 1366732848 | Y3: 1587398991
A4: Japan | B4: 48383887 | C4: 58269553 | D4: 75451425 | E4: 61469220 | F4: 60786775 | G4: 75780580 | H4: 84031258 | I4: 76152029 | J4: 67397698 | K4: 60045527 | L4: 62737692 | M4: 71203783 | N4: 58019189 | O4: 57058455 | P4: 60499396 | Q4: 60471571 | R4: 60443746 | S4: 59460867 | T4: 37455483 | U4: 41700372 | V4: 33469382 | W4: 30559598 | X4: 28457008 | Y4: 23490984
A5: Malaysia | B5: 5089985 | C5: 5027708 | D5: 4068670 | E5: 6789252 | F5: 8294103 | G5: 7541258 | H5: 12964056 | I5: 7397810 | J5: 6489815 | K5: 8013500 | L5: 6571991 | M5: 9516197 | N5: 7813311 | O5: 7932402 | P5: 10754757 | Q5: 11918626 | R5: 13082494 | S5: 9565890 | T5: 10931848 | U5: 9141667 | V5: 14293436 | W5: 5831760 | X5: 7087694 | Y5: 6652928
A6: Singapore | B6: 6448794 | C6: 9838875 | D6: 12949958 | E6: 7789638 | F6: 10695367 | G6: 7616388 | H6: 10030510 | I6: 11264567 | J6: 13111590 | K6: 14692085 | L6: 16198587 | M6: 18657564 | N6: 22926480 | O6: 17852351 | P6: 19061360 | Q6: 16396259 | R6: 13731158 | S6: 12372838 | T6: 14678051 | U6: 13673963 | V6: 17908192 | W6: 18552434 | X6: 21892569 | Y6: 19469717
A7: Thailand | B7: 2695690 | C7: 3692201 | D7: 4509607 | E7: 5408939 | F7: 4767907 | G7: 6078351 | H7: 6259193 | I7: 2973269 | J7: 3821270 | K7: 4986075 | L7: 3913080 | M7: 3891787 | N7: 4091806 | O7: 5408322 | P7: 6424117 | Q7: 4714927.5 | R7: 3005738 | S7: 6608907 | T7: 4377521 | U7: 10280151 | V7: 5801557 | W7: 4893249 | X7: 4036826 | Y7: 5964461
A8: Taiwan | B8: 17918798 | C8: 15940460 | D8: 17116188 | E8: 19720263 | F8: 20187667 | G8: 19734161 | H8: 24045380 | I8: 22467358 | J8: 18532568 | K8: 23998819 | L8: 28694870 | M8: 22783931 | N8: 19928900 | O8: 22829330 | P8: 22714317 | Q8: 19768743 | R8: 16823169 | S8: 17740676 | T8: 14188269 | U8: 12436012 | V8: 12520526 | W8: 10499183 | X8: 11591978 | Y8: 9700345
A9: Vietnam | B9: 56974 | C9: 108658 | D9: 57330 | E9: 167222 | F9: 202122 | G9: 147021 | H9: 421453 | I9: 1355773 | J9: 2034393 | K9: 2205736 | L9: 4048685 | M9: 5556187 | N9: 5756967 | O9: 8496816 | P9: 9984222 | Q9: 11687833 | R9: 13391444 | S9: 19104325 | T9: 17931029 | U9: 14617570 | V9: 17733099 | W9: 18920852 | X9: 17113867 | Y9: 20768090
A11: Eurostat Comext, EU-27 reporter, extra-EU imports, EUR. HS 8480. 2017 interpolated (absent in source extract).

Sheet Raw_US_8partners
A1: Partner | B1: 2002 | C1: 2003 | D1: 2004 | E1: 2005 | F1: 2006 | G1: 2007 | H1: 2008 | I1: 2009 | J1: 2010 | K1: 2011 | L1: 2012 | M1: 2013 | N1: 2014 | O1: 2015 | P1: 2016 | Q1: 2017 | R1: 2018 | S1: 2019 | T1: 2020 | U1: 2021 | V1: 2022 | W1: 2023 | X1: 2024 | Y1: 2025
A2: Canada | B2: 699525297 | C2: 712852129 | D2: 714282439 | E2: 816086575 | F2: 806405708 | G2: 643937488 | H2: 612767951 | I2: 450111047 | J2: 485893815 | K2: 481555195 | L2: 590146928 | M2: 790941867 | N2: 752525055 | O2: 876339577 | P2: 898232358 | Q2: 1069900522 | R2: 1108018211 | S2: 1022047528 | T2: 830452511 | U2: 1036041288 | V2: 1077537473 | W2: 1167492536 | X2: 861349445 | Y2: 847925312
A3: China | B3: 29879600 | C3: 40259173 | D3: 54417397 | E3: 79490233 | F3: 114999265 | G3: 154405673 | H3: 173185128 | I3: 145896185 | J3: 199886739 | K3: 253666552 | L3: 348863166 | M3: 374098446 | N3: 390700572 | O3: 470840955 | P3: 459629525 | Q3: 569272229 | R3: 599098208 | S3: 529885739 | T3: 402696976 | U3: 451202096 | V3: 440387246 | W3: 411787643 | X3: 363112963 | Y3: 352766466
A4: Japan | B4: 277520549 | C4: 254392330 | D4: 297111353 | E4: 233693149 | F4: 291596653 | G4: 232114555 | H4: 230744497 | I4: 151237075 | J4: 165575374 | K4: 201600327 | L4: 280956734 | M4: 195329669 | N4: 192441310 | O4: 166110469 | P4: 240304081 | Q4: 214522132 | R4: 214841805 | S4: 193310884 | T4: 168458965 | U4: 161389402 | V4: 166901790 | W4: 100912633 | X4: 124666192 | Y4: 133035956
A5: Malaysia | B5: 1902057 | C5: 2077837 | D5: 2141894 | E5: 1990860 | F5: 2746866 | G5: 2855524 | H5: 4065699 | I5: 2123453 | J5: 2613012 | K5: 2078405 | L5: 3134390 | M5: 2479987 | N5: 3640702 | O5: 3119339 | P5: 2886323 | Q5: 3533798 | R5: 2501611 | S5: 4182633 | T5: 3729844 | U5: 4920458 | V5: 6805013 | W5: 6982079 | X5: 9022971 | Y5: 10642976
A6: Singapore | B6: 7373473 | C6: 6012283 | D6: 6409516 | E6: 6316301 | F6: 8353503 | G6: 8278676 | H6: 8894656 | I6: 5214190 | J6: 3935093 | K6: 7022025 | L6: 8304145 | M6: 5929432 | N6: 6773505 | O6: 9679541 | P6: 9486775 | Q6: 9204075 | R6: 6938719 | S6: 8007060 | T6: 9003908 | U6: 9086250 | V6: 6062330 | W6: 10487425 | X6: 8178460 | Y6: 8085336
A7: Thailand | B7: 1272802 | C7: 1706528 | D7: 3197885 | E7: 1344742 | F7: 3700729 | G7: 4972239 | H7: 5724782 | I7: 3143317 | J7: 4041225 | K7: 5459243 | L7: 6764825 | M7: 4676572 | N7: 5353391 | O7: 4071083 | P7: 4655035 | Q7: 5063633 | R7: 3845733 | S7: 7164773 | T7: 29536927 | U7: 39293170 | V7: 46514646 | W7: 45059548 | X7: 43451105 | Y7: 44930058
A8: Taiwan | B8: 35961086 | C8: 47049368 | D8: 47996448 | E8: 54791179 | F8: 55451607 | G8: 39792621 | H8: 42433228 | I8: 27978009 | J8: 30168154 | K8: 37403598 | L8: 39904116 | M8: 44625070 | N8: 47148556 | O8: 47266929 | P8: 45441322 | Q8: 48909040 | R8: 44744275 | S8: 49597259 | T8: 46687121 | U8: 46371491 | V8: 55169895 | W8: 37998030 | X8: 42328848 | Y8: 38822567
A9: Vietnam | B9: 15723 | C9: 9250 | D9: 3290 | E9: 37630 | F9: 16500 | G9: 101032 | H9: 435611 | I9: 331653 | J9: 197786 | K9: 247603 | L9: 478564 | M9: 710697 | N9: 692172 | O9: 1205463 | P9: 1455265 | Q9: 1176309 | R9: 1815638 | S9: 2429126 | T9: 3554000 | U9: 3702875 | V9: 3818105 | W9: 5077914 | X9: 5652647 | Y9: 7459776
A11: US Census Bureau, customs value (general imports), USD. HS 8480.
