Workbook

Sheet Summary
A1: Malaysia Mould Exports — Supply-Side View & Reconciliation
A2: HS 8480 · DOSM export data (MYR) · tied to US-import (analysis 1) and EU-import (analysis 2) datasets
A4: Key findings — how the supply side ties to the two demand-side analyses
A5: 1. Singapore is Malaysia's #1 mould destination by far (38–77% of listed exports), but it's a re-export/consolidation hub and flat — much is intermediated onward, not final demand. Echoes the Netherlands re-export flag in the US data.
A6: 2. China and the US are Malaysia's real growth destinations. Exports to the US roughly tripled 2018→2024 (RM17M→RM75M); exports to China surged even more (RM16M→RM111M). Both peaked in 2024 and eased in 2025.
A7: 3. US mirror check: Malaysia reports ~1.4× more mould exports to the US than the US attributes to Malaysian origin (ratio 1.1–1.8×). Both series climb together — so Malaysia's US gain is MOSTLY genuine Malaysian production, with a modest re-export/pass-through sliver.
A8: 4. This tempers the earlier caution: Malaysia's US momentum is real capacity, not just routing — though volatile (2024 spike, 2025 pullback) and partly hub-intermediated, so less steady than Vietnam's broader-based growth.
A9: 5. EU mirror check is inconclusive from this extract (Netherlands and other EU destinations missing; much EU-bound flow likely routes via Singapore). Consistent with analysis 2: Malaysia is small and losing in the EU.
A10: 6. Two-way trade with China: Malaysia is also a large, growing mould EXPORTER to China (RM76M in 2025) — the region is supply-chain-integrated, so 'China vs SE Asia' is not purely adversarial.
A11: Takeaway: the US demand pull (analysis 1) is matched by genuine, growing Malaysian supply (this file) — both sides confirm a real US–Malaysia mould corridor. Vet suppliers for true origin (avoid re-export intermediaries); anchor demand on US buyers; treat Singapore-routed flow with care.

Sheet MY_by_Destination
A1: Malaysia's HS 8480 mould exports by destination
A2: Value (MYR), share of listed destinations, and CAGR — live formulas. 2026 excluded (partial year).
A4: Destination | B4: 2017 | C4: 2018 | D4: 2020 | E4: 2022 | F4: 2023 | G4: 2024 | H4: 2025 | I4: Share 2025 | J4: CAGR 18–24
A5: Singapore | B5: =INDEX(Raw_MY_exports!$B$2:$K$10,MATCH("Singapore",Raw_MY_exports!$A$2:$A$10,0),1) -> 144767154 | C5: =INDEX(Raw_MY_exports!$B$2:$K$10,MATCH("Singapore",Raw_MY_exports!$A$2:$A$10,0),2) -> 126085058 | D5: =INDEX(Raw_MY_exports!$B$2:$K$10,MATCH("Singapore",Raw_MY_exports!$A$2:$A$10,0),4) -> 115305165 | E5: =INDEX(Raw_MY_exports!$B$2:$K$10,MATCH("Singapore",Raw_MY_exports!$A$2:$A$10,0),6) -> 121394800 | F5: =INDEX(Raw_MY_exports!$B$2:$K$10,MATCH("Singapore",Raw_MY_exports!$A$2:$A$10,0),7) -> 124535632 | G5: =INDEX(Raw_MY_exports!$B$2:$K$10,MATCH("Singapore",Raw_MY_exports!$A$2:$A$10,0),8) -> 121766260 | H5: =INDEX(Raw_MY_exports!$B$2:$K$10,MATCH("Singapore",Raw_MY_exports!$A$2:$A$10,0),9) -> 123811836 | I5: =INDEX(Raw_MY_exports!$B$2:$K$10,MATCH("Singapore",Raw_MY_exports!$A$2:$A$10,0),9)/(INDEX(Raw_MY_exports!$B$2:$K$10,MATCH("Canada",Raw_MY_exports!$A$2:$A$10,0),9)+INDEX(Raw_MY_exports!$B$2:$K$10,MATCH("China",Raw_MY_exports!$A$2:$A$10,0),9)+INDEX(Raw_MY_exports!$B$2:$K$10,MATCH("France",Raw_MY_exports!$A$2:$A$10,0),9)+INDEX(Raw_MY_exports!$B$2:$K$10,MATCH("Germany",Raw_MY_exports!$A$2:$A$10,0),9)+INDEX(Raw_MY_exports!$B$2:$K$10,MATCH("Ireland",Raw_MY_exports!$A$2:$A$10,0),9)+INDEX(Raw_MY_exports!$B$2:$K$10,MATCH("Italy",Raw_MY_exports!$A$2:$A$10,0),9)+INDEX(Raw_MY_exports!$B$2:$K$10,MATCH("Singapore",Raw_MY_exports!$A$2:$A$10,0),9)+INDEX(Raw_MY_exports!$B$2:$K$10,MATCH("United Kingdom",Raw_MY_exports!$A$2:$A$10,0),9)+INDEX(Raw_MY_exports!$B$2:$K$10,MATCH("United States",Raw_MY_exports!$A$2:$A$10,0),9)) -> 0.45880498 | J5: =IFERROR((INDEX(Raw_MY_exports!$B$2:$K$10,MATCH("Singapore",Raw_MY_exports!$A$2:$A$10,0),8)/INDEX(Raw_MY_exports!$B$2:$K$10,MATCH("Singapore",Raw_MY_exports!$A$2:$A$10,0),2))^(1/6)-1,"–") -> -0.0057920671
A6: China | B6: =INDEX(Raw_MY_exports!$B$2:$K$10,MATCH("China",Raw_MY_exports!$A$2:$A$10,0),1) -> 22509809 | C6: =INDEX(Raw_MY_exports!$B$2:$K$10,MATCH("China",Raw_MY_exports!$A$2:$A$10,0),2) -> 16076326 | D6: =INDEX(Raw_MY_exports!$B$2:$K$10,MATCH("China",Raw_MY_exports!$A$2:$A$10,0),4) -> 30924805 | E6: =INDEX(Raw_MY_exports!$B$2:$K$10,MATCH("China",Raw_MY_exports!$A$2:$A$10,0),6) -> 43201604 | F6: =INDEX(Raw_MY_exports!$B$2:$K$10,MATCH("China",Raw_MY_exports!$A$2:$A$10,0),7) -> 57166395 | G6: =INDEX(Raw_MY_exports!$B$2:$K$10,MATCH("China",Raw_MY_exports!$A$2:$A$10,0),8) -> 110719913 | H6: =INDEX(Raw_MY_exports!$B$2:$K$10,MATCH("China",Raw_MY_exports!$A$2:$A$10,0),9) -> 75767487 | I6: =INDEX(Raw_MY_exports!$B$2:$K$10,MATCH("China",Raw_MY_exports!$A$2:$A$10,0),9)/(INDEX(Raw_MY_exports!$B$2:$K$10,MATCH("Canada",Raw_MY_exports!$A$2:$A$10,0),9)+INDEX(Raw_MY_exports!$B$2:$K$10,MATCH("China",Raw_MY_exports!$A$2:$A$10,0),9)+INDEX(Raw_MY_exports!$B$2:$K$10,MATCH("France",Raw_MY_exports!$A$2:$A$10,0),9)+INDEX(Raw_MY_exports!$B$2:$K$10,MATCH("Germany",Raw_MY_exports!$A$2:$A$10,0),9)+INDEX(Raw_MY_exports!$B$2:$K$10,MATCH("Ireland",Raw_MY_exports!$A$2:$A$10,0),9)+INDEX(Raw_MY_exports!$B$2:$K$10,MATCH("Italy",Raw_MY_exports!$A$2:$A$10,0),9)+INDEX(Raw_MY_exports!$B$2:$K$10,MATCH("Singapore",Raw_MY_exports!$A$2:$A$10,0),9)+INDEX(Raw_MY_exports!$B$2:$K$10,MATCH("United Kingdom",Raw_MY_exports!$A$2:$A$10,0),9)+INDEX(Raw_MY_exports!$B$2:$K$10,MATCH("United States",Raw_MY_exports!$A$2:$A$10,0),9)) -> 0.28076879 | J6: =IFERROR((INDEX(Raw_MY_exports!$B$2:$K$10,MATCH("China",Raw_MY_exports!$A$2:$A$10,0),8)/INDEX(Raw_MY_exports!$B$2:$K$10,MATCH("China",Raw_MY_exports!$A$2:$A$10,0),2))^(1/6)-1,"–") -> 0.3793458
A7: United States | B7: =INDEX(Raw_MY_exports!$B$2:$K$10,MATCH("United States",Raw_MY_exports!$A$2:$A$10,0),1) -> 21882529 | C7: =INDEX(Raw_MY_exports!$B$2:$K$10,MATCH("United States",Raw_MY_exports!$A$2:$A$10,0),2) -> 17164587 | D7: =INDEX(Raw_MY_exports!$B$2:$K$10,MATCH("United States",Raw_MY_exports!$A$2:$A$10,0),4) -> 23699638 | E7: =INDEX(Raw_MY_exports!$B$2:$K$10,MATCH("United States",Raw_MY_exports!$A$2:$A$10,0),6) -> 41727671 | F7: =INDEX(Raw_MY_exports!$B$2:$K$10,MATCH("United States",Raw_MY_exports!$A$2:$A$10,0),7) -> 33930774 | G7: =INDEX(Raw_MY_exports!$B$2:$K$10,MATCH("United States",Raw_MY_exports!$A$2:$A$10,0),8) -> 74787756 | H7: =INDEX(Raw_MY_exports!$B$2:$K$10,MATCH("United States",Raw_MY_exports!$A$2:$A$10,0),9) -> 53083566 | I7: =INDEX(Raw_MY_exports!$B$2:$K$10,MATCH("United States",Raw_MY_exports!$A$2:$A$10,0),9)/(INDEX(Raw_MY_exports!$B$2:$K$10,MATCH("Canada",Raw_MY_exports!$A$2:$A$10,0),9)+INDEX(Raw_MY_exports!$B$2:$K$10,MATCH("China",Raw_MY_exports!$A$2:$A$10,0),9)+INDEX(Raw_MY_exports!$B$2:$K$10,MATCH("France",Raw_MY_exports!$A$2:$A$10,0),9)+INDEX(Raw_MY_exports!$B$2:$K$10,MATCH("Germany",Raw_MY_exports!$A$2:$A$10,0),9)+INDEX(Raw_MY_exports!$B$2:$K$10,MATCH("Ireland",Raw_MY_exports!$A$2:$A$10,0),9)+INDEX(Raw_MY_exports!$B$2:$K$10,MATCH("Italy",Raw_MY_exports!$A$2:$A$10,0),9)+INDEX(Raw_MY_exports!$B$2:$K$10,MATCH("Singapore",Raw_MY_exports!$A$2:$A$10,0),9)+INDEX(Raw_MY_exports!$B$2:$K$10,MATCH("United Kingdom",Raw_MY_exports!$A$2:$A$10,0),9)+INDEX(Raw_MY_exports!$B$2:$K$10,MATCH("United States",Raw_MY_exports!$A$2:$A$10,0),9)) -> 0.19670982 | J7: =IFERROR((INDEX(Raw_MY_exports!$B$2:$K$10,MATCH("United States",Raw_MY_exports!$A$2:$A$10,0),8)/INDEX(Raw_MY_exports!$B$2:$K$10,MATCH("United States",Raw_MY_exports!$A$2:$A$10,0),2))^(1/6)-1,"–") -> 0.2780059
A8: Germany | B8: =INDEX(Raw_MY_exports!$B$2:$K$10,MATCH("Germany",Raw_MY_exports!$A$2:$A$10,0),1) -> 24106637 | C8: =INDEX(Raw_MY_exports!$B$2:$K$10,MATCH("Germany",Raw_MY_exports!$A$2:$A$10,0),2) -> 21023899 | D8: =INDEX(Raw_MY_exports!$B$2:$K$10,MATCH("Germany",Raw_MY_exports!$A$2:$A$10,0),4) -> 10484535 | E8: =INDEX(Raw_MY_exports!$B$2:$K$10,MATCH("Germany",Raw_MY_exports!$A$2:$A$10,0),6) -> 4245293 | F8: =INDEX(Raw_MY_exports!$B$2:$K$10,MATCH("Germany",Raw_MY_exports!$A$2:$A$10,0),7) -> 6019106 | G8: =INDEX(Raw_MY_exports!$B$2:$K$10,MATCH("Germany",Raw_MY_exports!$A$2:$A$10,0),8) -> 3316892 | H8: =INDEX(Raw_MY_exports!$B$2:$K$10,MATCH("Germany",Raw_MY_exports!$A$2:$A$10,0),9) -> 11462164 | I8: =INDEX(Raw_MY_exports!$B$2:$K$10,MATCH("Germany",Raw_MY_exports!$A$2:$A$10,0),9)/(INDEX(Raw_MY_exports!$B$2:$K$10,MATCH("Canada",Raw_MY_exports!$A$2:$A$10,0),9)+INDEX(Raw_MY_exports!$B$2:$K$10,MATCH("China",Raw_MY_exports!$A$2:$A$10,0),9)+INDEX(Raw_MY_exports!$B$2:$K$10,MATCH("France",Raw_MY_exports!$A$2:$A$10,0),9)+INDEX(Raw_MY_exports!$B$2:$K$10,MATCH("Germany",Raw_MY_exports!$A$2:$A$10,0),9)+INDEX(Raw_MY_exports!$B$2:$K$10,MATCH("Ireland",Raw_MY_exports!$A$2:$A$10,0),9)+INDEX(Raw_MY_exports!$B$2:$K$10,MATCH("Italy",Raw_MY_exports!$A$2:$A$10,0),9)+INDEX(Raw_MY_exports!$B$2:$K$10,MATCH("Singapore",Raw_MY_exports!$A$2:$A$10,0),9)+INDEX(Raw_MY_exports!$B$2:$K$10,MATCH("United Kingdom",Raw_MY_exports!$A$2:$A$10,0),9)+INDEX(Raw_MY_exports!$B$2:$K$10,MATCH("United States",Raw_MY_exports!$A$2:$A$10,0),9)) -> 0.04247492 | J8: =IFERROR((INDEX(Raw_MY_exports!$B$2:$K$10,MATCH("Germany",Raw_MY_exports!$A$2:$A$10,0),8)/INDEX(Raw_MY_exports!$B$2:$K$10,MATCH("Germany",Raw_MY_exports!$A$2:$A$10,0),2))^(1/6)-1,"–") -> -0.26491706
A9: United Kingdom | B9: =INDEX(Raw_MY_exports!$B$2:$K$10,MATCH("United Kingdom",Raw_MY_exports!$A$2:$A$10,0),1) -> 8176920 | C9: =INDEX(Raw_MY_exports!$B$2:$K$10,MATCH("United Kingdom",Raw_MY_exports!$A$2:$A$10,0),2) -> 4119896 | D9: =INDEX(Raw_MY_exports!$B$2:$K$10,MATCH("United Kingdom",Raw_MY_exports!$A$2:$A$10,0),4) -> 2831271 | E9: =INDEX(Raw_MY_exports!$B$2:$K$10,MATCH("United Kingdom",Raw_MY_exports!$A$2:$A$10,0),6) -> 5894559 | F9: =INDEX(Raw_MY_exports!$B$2:$K$10,MATCH("United Kingdom",Raw_MY_exports!$A$2:$A$10,0),7) -> 3924371 | G9: =INDEX(Raw_MY_exports!$B$2:$K$10,MATCH("United Kingdom",Raw_MY_exports!$A$2:$A$10,0),8) -> 5321087 | H9: =INDEX(Raw_MY_exports!$B$2:$K$10,MATCH("United Kingdom",Raw_MY_exports!$A$2:$A$10,0),9) -> 2702669 | I9: =INDEX(Raw_MY_exports!$B$2:$K$10,MATCH("United Kingdom",Raw_MY_exports!$A$2:$A$10,0),9)/(INDEX(Raw_MY_exports!$B$2:$K$10,MATCH("Canada",Raw_MY_exports!$A$2:$A$10,0),9)+INDEX(Raw_MY_exports!$B$2:$K$10,MATCH("China",Raw_MY_exports!$A$2:$A$10,0),9)+INDEX(Raw_MY_exports!$B$2:$K$10,MATCH("France",Raw_MY_exports!$A$2:$A$10,0),9)+INDEX(Raw_MY_exports!$B$2:$K$10,MATCH("Germany",Raw_MY_exports!$A$2:$A$10,0),9)+INDEX(Raw_MY_exports!$B$2:$K$10,MATCH("Ireland",Raw_MY_exports!$A$2:$A$10,0),9)+INDEX(Raw_MY_exports!$B$2:$K$10,MATCH("Italy",Raw_MY_exports!$A$2:$A$10,0),9)+INDEX(Raw_MY_exports!$B$2:$K$10,MATCH("Singapore",Raw_MY_exports!$A$2:$A$10,0),9)+INDEX(Raw_MY_exports!$B$2:$K$10,MATCH("United Kingdom",Raw_MY_exports!$A$2:$A$10,0),9)+INDEX(Raw_MY_exports!$B$2:$K$10,MATCH("United States",Raw_MY_exports!$A$2:$A$10,0),9)) -> 0.010015181 | J9: =IFERROR((INDEX(Raw_MY_exports!$B$2:$K$10,MATCH("United Kingdom",Raw_MY_exports!$A$2:$A$10,0),8)/INDEX(Raw_MY_exports!$B$2:$K$10,MATCH("United Kingdom",Raw_MY_exports!$A$2:$A$10,0),2))^(1/6)-1,"–") -> 0.043563829
A10: Italy | B10: =INDEX(Raw_MY_exports!$B$2:$K$10,MATCH("Italy",Raw_MY_exports!$A$2:$A$10,0),1) -> 607201 | C10: =INDEX(Raw_MY_exports!$B$2:$K$10,MATCH("Italy",Raw_MY_exports!$A$2:$A$10,0),2) -> 950168 | D10: =INDEX(Raw_MY_exports!$B$2:$K$10,MATCH("Italy",Raw_MY_exports!$A$2:$A$10,0),4) -> 914595 | E10: =INDEX(Raw_MY_exports!$B$2:$K$10,MATCH("Italy",Raw_MY_exports!$A$2:$A$10,0),6) -> 1106911 | F10: =INDEX(Raw_MY_exports!$B$2:$K$10,MATCH("Italy",Raw_MY_exports!$A$2:$A$10,0),7) -> 336392 | G10: =INDEX(Raw_MY_exports!$B$2:$K$10,MATCH("Italy",Raw_MY_exports!$A$2:$A$10,0),8) -> 894767 | H10: =INDEX(Raw_MY_exports!$B$2:$K$10,MATCH("Italy",Raw_MY_exports!$A$2:$A$10,0),9) -> 2378485 | I10: =INDEX(Raw_MY_exports!$B$2:$K$10,MATCH("Italy",Raw_MY_exports!$A$2:$A$10,0),9)/(INDEX(Raw_MY_exports!$B$2:$K$10,MATCH("Canada",Raw_MY_exports!$A$2:$A$10,0),9)+INDEX(Raw_MY_exports!$B$2:$K$10,MATCH("China",Raw_MY_exports!$A$2:$A$10,0),9)+INDEX(Raw_MY_exports!$B$2:$K$10,MATCH("France",Raw_MY_exports!$A$2:$A$10,0),9)+INDEX(Raw_MY_exports!$B$2:$K$10,MATCH("Germany",Raw_MY_exports!$A$2:$A$10,0),9)+INDEX(Raw_MY_exports!$B$2:$K$10,MATCH("Ireland",Raw_MY_exports!$A$2:$A$10,0),9)+INDEX(Raw_MY_exports!$B$2:$K$10,MATCH("Italy",Raw_MY_exports!$A$2:$A$10,0),9)+INDEX(Raw_MY_exports!$B$2:$K$10,MATCH("Singapore",Raw_MY_exports!$A$2:$A$10,0),9)+INDEX(Raw_MY_exports!$B$2:$K$10,MATCH("United Kingdom",Raw_MY_exports!$A$2:$A$10,0),9)+INDEX(Raw_MY_exports!$B$2:$K$10,MATCH("United States",Raw_MY_exports!$A$2:$A$10,0),9)) -> 0.0088138645 | J10: =IFERROR((INDEX(Raw_MY_exports!$B$2:$K$10,MATCH("Italy",Raw_MY_exports!$A$2:$A$10,0),8)/INDEX(Raw_MY_exports!$B$2:$K$10,MATCH("Italy",Raw_MY_exports!$A$2:$A$10,0),2))^(1/6)-1,"–") -> -0.009962618
A11: France | B11: =INDEX(Raw_MY_exports!$B$2:$K$10,MATCH("France",Raw_MY_exports!$A$2:$A$10,0),1) -> 2092064 | C11: =INDEX(Raw_MY_exports!$B$2:$K$10,MATCH("France",Raw_MY_exports!$A$2:$A$10,0),2) -> 724600 | D11: =INDEX(Raw_MY_exports!$B$2:$K$10,MATCH("France",Raw_MY_exports!$A$2:$A$10,0),4) -> 1943219 | E11: =INDEX(Raw_MY_exports!$B$2:$K$10,MATCH("France",Raw_MY_exports!$A$2:$A$10,0),6) -> 1236874 | F11: =INDEX(Raw_MY_exports!$B$2:$K$10,MATCH("France",Raw_MY_exports!$A$2:$A$10,0),7) -> 575146 | G11: =INDEX(Raw_MY_exports!$B$2:$K$10,MATCH("France",Raw_MY_exports!$A$2:$A$10,0),8) -> 76549 | H11: =INDEX(Raw_MY_exports!$B$2:$K$10,MATCH("France",Raw_MY_exports!$A$2:$A$10,0),9) -> 609024 | I11: =INDEX(Raw_MY_exports!$B$2:$K$10,MATCH("France",Raw_MY_exports!$A$2:$A$10,0),9)/(INDEX(Raw_MY_exports!$B$2:$K$10,MATCH("Canada",Raw_MY_exports!$A$2:$A$10,0),9)+INDEX(Raw_MY_exports!$B$2:$K$10,MATCH("China",Raw_MY_exports!$A$2:$A$10,0),9)+INDEX(Raw_MY_exports!$B$2:$K$10,MATCH("France",Raw_MY_exports!$A$2:$A$10,0),9)+INDEX(Raw_MY_exports!$B$2:$K$10,MATCH("Germany",Raw_MY_exports!$A$2:$A$10,0),9)+INDEX(Raw_MY_exports!$B$2:$K$10,MATCH("Ireland",Raw_MY_exports!$A$2:$A$10,0),9)+INDEX(Raw_MY_exports!$B$2:$K$10,MATCH("Italy",Raw_MY_exports!$A$2:$A$10,0),9)+INDEX(Raw_MY_exports!$B$2:$K$10,MATCH("Singapore",Raw_MY_exports!$A$2:$A$10,0),9)+INDEX(Raw_MY_exports!$B$2:$K$10,MATCH("United Kingdom",Raw_MY_exports!$A$2:$A$10,0),9)+INDEX(Raw_MY_exports!$B$2:$K$10,MATCH("United States",Raw_MY_exports!$A$2:$A$10,0),9)) -> 0.0022568379 | J11: =IFERROR((INDEX(Raw_MY_exports!$B$2:$K$10,MATCH("France",Raw_MY_exports!$A$2:$A$10,0),8)/INDEX(Raw_MY_exports!$B$2:$K$10,MATCH("France",Raw_MY_exports!$A$2:$A$10,0),2))^(1/6)-1,"–") -> -0.31244592
A12: Canada | B12: =INDEX(Raw_MY_exports!$B$2:$K$10,MATCH("Canada",Raw_MY_exports!$A$2:$A$10,0),1) -> 2198707 | C12: =INDEX(Raw_MY_exports!$B$2:$K$10,MATCH("Canada",Raw_MY_exports!$A$2:$A$10,0),2) -> 1947830 | D12: =INDEX(Raw_MY_exports!$B$2:$K$10,MATCH("Canada",Raw_MY_exports!$A$2:$A$10,0),4) -> 127145 | E12: =INDEX(Raw_MY_exports!$B$2:$K$10,MATCH("Canada",Raw_MY_exports!$A$2:$A$10,0),6) -> 497669 | F12: =INDEX(Raw_MY_exports!$B$2:$K$10,MATCH("Canada",Raw_MY_exports!$A$2:$A$10,0),7) -> 1416289 | G12: =INDEX(Raw_MY_exports!$B$2:$K$10,MATCH("Canada",Raw_MY_exports!$A$2:$A$10,0),8) -> 1434023 | H12: =INDEX(Raw_MY_exports!$B$2:$K$10,MATCH("Canada",Raw_MY_exports!$A$2:$A$10,0),9) -> 31708 | I12: =INDEX(Raw_MY_exports!$B$2:$K$10,MATCH("Canada",Raw_MY_exports!$A$2:$A$10,0),9)/(INDEX(Raw_MY_exports!$B$2:$K$10,MATCH("Canada",Raw_MY_exports!$A$2:$A$10,0),9)+INDEX(Raw_MY_exports!$B$2:$K$10,MATCH("China",Raw_MY_exports!$A$2:$A$10,0),9)+INDEX(Raw_MY_exports!$B$2:$K$10,MATCH("France",Raw_MY_exports!$A$2:$A$10,0),9)+INDEX(Raw_MY_exports!$B$2:$K$10,MATCH("Germany",Raw_MY_exports!$A$2:$A$10,0),9)+INDEX(Raw_MY_exports!$B$2:$K$10,MATCH("Ireland",Raw_MY_exports!$A$2:$A$10,0),9)+INDEX(Raw_MY_exports!$B$2:$K$10,MATCH("Italy",Raw_MY_exports!$A$2:$A$10,0),9)+INDEX(Raw_MY_exports!$B$2:$K$10,MATCH("Singapore",Raw_MY_exports!$A$2:$A$10,0),9)+INDEX(Raw_MY_exports!$B$2:$K$10,MATCH("United Kingdom",Raw_MY_exports!$A$2:$A$10,0),9)+INDEX(Raw_MY_exports!$B$2:$K$10,MATCH("United States",Raw_MY_exports!$A$2:$A$10,0),9)) -> 0.00011749917 | J12: =IFERROR((INDEX(Raw_MY_exports!$B$2:$K$10,MATCH("Canada",Raw_MY_exports!$A$2:$A$10,0),8)/INDEX(Raw_MY_exports!$B$2:$K$10,MATCH("Canada",Raw_MY_exports!$A$2:$A$10,0),2))^(1/6)-1,"–") -> -0.049758097
A13: Ireland | B13: =INDEX(Raw_MY_exports!$B$2:$K$10,MATCH("Ireland",Raw_MY_exports!$A$2:$A$10,0),1) -> 161342 | C13: =INDEX(Raw_MY_exports!$B$2:$K$10,MATCH("Ireland",Raw_MY_exports!$A$2:$A$10,0),2) -> 0 | D13: =INDEX(Raw_MY_exports!$B$2:$K$10,MATCH("Ireland",Raw_MY_exports!$A$2:$A$10,0),4) -> 0 | E13: =INDEX(Raw_MY_exports!$B$2:$K$10,MATCH("Ireland",Raw_MY_exports!$A$2:$A$10,0),6) -> 1396766 | F13: =INDEX(Raw_MY_exports!$B$2:$K$10,MATCH("Ireland",Raw_MY_exports!$A$2:$A$10,0),7) -> 851821 | G13: =INDEX(Raw_MY_exports!$B$2:$K$10,MATCH("Ireland",Raw_MY_exports!$A$2:$A$10,0),8) -> 60 | H13: =INDEX(Raw_MY_exports!$B$2:$K$10,MATCH("Ireland",Raw_MY_exports!$A$2:$A$10,0),9) -> 10283 | I13: =INDEX(Raw_MY_exports!$B$2:$K$10,MATCH("Ireland",Raw_MY_exports!$A$2:$A$10,0),9)/(INDEX(Raw_MY_exports!$B$2:$K$10,MATCH("Canada",Raw_MY_exports!$A$2:$A$10,0),9)+INDEX(Raw_MY_exports!$B$2:$K$10,MATCH("China",Raw_MY_exports!$A$2:$A$10,0),9)+INDEX(Raw_MY_exports!$B$2:$K$10,MATCH("France",Raw_MY_exports!$A$2:$A$10,0),9)+INDEX(Raw_MY_exports!$B$2:$K$10,MATCH("Germany",Raw_MY_exports!$A$2:$A$10,0),9)+INDEX(Raw_MY_exports!$B$2:$K$10,MATCH("Ireland",Raw_MY_exports!$A$2:$A$10,0),9)+INDEX(Raw_MY_exports!$B$2:$K$10,MATCH("Italy",Raw_MY_exports!$A$2:$A$10,0),9)+INDEX(Raw_MY_exports!$B$2:$K$10,MATCH("Singapore",Raw_MY_exports!$A$2:$A$10,0),9)+INDEX(Raw_MY_exports!$B$2:$K$10,MATCH("United Kingdom",Raw_MY_exports!$A$2:$A$10,0),9)+INDEX(Raw_MY_exports!$B$2:$K$10,MATCH("United States",Raw_MY_exports!$A$2:$A$10,0),9)) -> 3.8105336e-05 | J13: =IFERROR((INDEX(Raw_MY_exports!$B$2:$K$10,MATCH("Ireland",Raw_MY_exports!$A$2:$A$10,0),8)/INDEX(Raw_MY_exports!$B$2:$K$10,MATCH("Ireland",Raw_MY_exports!$A$2:$A$10,0),2))^(1/6)-1,"–") -> –
A14: Total (listed) | B14: =(INDEX(Raw_MY_exports!$B$2:$K$10,MATCH("Canada",Raw_MY_exports!$A$2:$A$10,0),1)+INDEX(Raw_MY_exports!$B$2:$K$10,MATCH("China",Raw_MY_exports!$A$2:$A$10,0),1)+INDEX(Raw_MY_exports!$B$2:$K$10,MATCH("France",Raw_MY_exports!$A$2:$A$10,0),1)+INDEX(Raw_MY_exports!$B$2:$K$10,MATCH("Germany",Raw_MY_exports!$A$2:$A$10,0),1)+INDEX(Raw_MY_exports!$B$2:$K$10,MATCH("Ireland",Raw_MY_exports!$A$2:$A$10,0),1)+INDEX(Raw_MY_exports!$B$2:$K$10,MATCH("Italy",Raw_MY_exports!$A$2:$A$10,0),1)+INDEX(Raw_MY_exports!$B$2:$K$10,MATCH("Singapore",Raw_MY_exports!$A$2:$A$10,0),1)+INDEX(Raw_MY_exports!$B$2:$K$10,MATCH("United Kingdom",Raw_MY_exports!$A$2:$A$10,0),1)+INDEX(Raw_MY_exports!$B$2:$K$10,MATCH("United States",Raw_MY_exports!$A$2:$A$10,0),1)) -> 226502363 | C14: =(INDEX(Raw_MY_exports!$B$2:$K$10,MATCH("Canada",Raw_MY_exports!$A$2:$A$10,0),2)+INDEX(Raw_MY_exports!$B$2:$K$10,MATCH("China",Raw_MY_exports!$A$2:$A$10,0),2)+INDEX(Raw_MY_exports!$B$2:$K$10,MATCH("France",Raw_MY_exports!$A$2:$A$10,0),2)+INDEX(Raw_MY_exports!$B$2:$K$10,MATCH("Germany",Raw_MY_exports!$A$2:$A$10,0),2)+INDEX(Raw_MY_exports!$B$2:$K$10,MATCH("Ireland",Raw_MY_exports!$A$2:$A$10,0),2)+INDEX(Raw_MY_exports!$B$2:$K$10,MATCH("Italy",Raw_MY_exports!$A$2:$A$10,0),2)+INDEX(Raw_MY_exports!$B$2:$K$10,MATCH("Singapore",Raw_MY_exports!$A$2:$A$10,0),2)+INDEX(Raw_MY_exports!$B$2:$K$10,MATCH("United Kingdom",Raw_MY_exports!$A$2:$A$10,0),2)+INDEX(Raw_MY_exports!$B$2:$K$10,MATCH("United States",Raw_MY_exports!$A$2:$A$10,0),2)) -> 188092364 | D14: =(INDEX(Raw_MY_exports!$B$2:$K$10,MATCH("Canada",Raw_MY_exports!$A$2:$A$10,0),4)+INDEX(Raw_MY_exports!$B$2:$K$10,MATCH("China",Raw_MY_exports!$A$2:$A$10,0),4)+INDEX(Raw_MY_exports!$B$2:$K$10,MATCH("France",Raw_MY_exports!$A$2:$A$10,0),4)+INDEX(Raw_MY_exports!$B$2:$K$10,MATCH("Germany",Raw_MY_exports!$A$2:$A$10,0),4)+INDEX(Raw_MY_exports!$B$2:$K$10,MATCH("Ireland",Raw_MY_exports!$A$2:$A$10,0),4)+INDEX(Raw_MY_exports!$B$2:$K$10,MATCH("Italy",Raw_MY_exports!$A$2:$A$10,0),4)+INDEX(Raw_MY_exports!$B$2:$K$10,MATCH("Singapore",Raw_MY_exports!$A$2:$A$10,0),4)+INDEX(Raw_MY_exports!$B$2:$K$10,MATCH("United Kingdom",Raw_MY_exports!$A$2:$A$10,0),4)+INDEX(Raw_MY_exports!$B$2:$K$10,MATCH("United States",Raw_MY_exports!$A$2:$A$10,0),4)) -> 186230373 | E14: =(INDEX(Raw_MY_exports!$B$2:$K$10,MATCH("Canada",Raw_MY_exports!$A$2:$A$10,0),6)+INDEX(Raw_MY_exports!$B$2:$K$10,MATCH("China",Raw_MY_exports!$A$2:$A$10,0),6)+INDEX(Raw_MY_exports!$B$2:$K$10,MATCH("France",Raw_MY_exports!$A$2:$A$10,0),6)+INDEX(Raw_MY_exports!$B$2:$K$10,MATCH("Germany",Raw_MY_exports!$A$2:$A$10,0),6)+INDEX(Raw_MY_exports!$B$2:$K$10,MATCH("Ireland",Raw_MY_exports!$A$2:$A$10,0),6)+INDEX(Raw_MY_exports!$B$2:$K$10,MATCH("Italy",Raw_MY_exports!$A$2:$A$10,0),6)+INDEX(Raw_MY_exports!$B$2:$K$10,MATCH("Singapore",Raw_MY_exports!$A$2:$A$10,0),6)+INDEX(Raw_MY_exports!$B$2:$K$10,MATCH("United Kingdom",Raw_MY_exports!$A$2:$A$10,0),6)+INDEX(Raw_MY_exports!$B$2:$K$10,MATCH("United States",Raw_MY_exports!$A$2:$A$10,0),6)) -> 220702147 | F14: =(INDEX(Raw_MY_exports!$B$2:$K$10,MATCH("Canada",Raw_MY_exports!$A$2:$A$10,0),7)+INDEX(Raw_MY_exports!$B$2:$K$10,MATCH("China",Raw_MY_exports!$A$2:$A$10,0),7)+INDEX(Raw_MY_exports!$B$2:$K$10,MATCH("France",Raw_MY_exports!$A$2:$A$10,0),7)+INDEX(Raw_MY_exports!$B$2:$K$10,MATCH("Germany",Raw_MY_exports!$A$2:$A$10,0),7)+INDEX(Raw_MY_exports!$B$2:$K$10,MATCH("Ireland",Raw_MY_exports!$A$2:$A$10,0),7)+INDEX(Raw_MY_exports!$B$2:$K$10,MATCH("Italy",Raw_MY_exports!$A$2:$A$10,0),7)+INDEX(Raw_MY_exports!$B$2:$K$10,MATCH("Singapore",Raw_MY_exports!$A$2:$A$10,0),7)+INDEX(Raw_MY_exports!$B$2:$K$10,MATCH("United Kingdom",Raw_MY_exports!$A$2:$A$10,0),7)+INDEX(Raw_MY_exports!$B$2:$K$10,MATCH("United States",Raw_MY_exports!$A$2:$A$10,0),7)) -> 228755926 | G14: =(INDEX(Raw_MY_exports!$B$2:$K$10,MATCH("Canada",Raw_MY_exports!$A$2:$A$10,0),8)+INDEX(Raw_MY_exports!$B$2:$K$10,MATCH("China",Raw_MY_exports!$A$2:$A$10,0),8)+INDEX(Raw_MY_exports!$B$2:$K$10,MATCH("France",Raw_MY_exports!$A$2:$A$10,0),8)+INDEX(Raw_MY_exports!$B$2:$K$10,MATCH("Germany",Raw_MY_exports!$A$2:$A$10,0),8)+INDEX(Raw_MY_exports!$B$2:$K$10,MATCH("Ireland",Raw_MY_exports!$A$2:$A$10,0),8)+INDEX(Raw_MY_exports!$B$2:$K$10,MATCH("Italy",Raw_MY_exports!$A$2:$A$10,0),8)+INDEX(Raw_MY_exports!$B$2:$K$10,MATCH("Singapore",Raw_MY_exports!$A$2:$A$10,0),8)+INDEX(Raw_MY_exports!$B$2:$K$10,MATCH("United Kingdom",Raw_MY_exports!$A$2:$A$10,0),8)+INDEX(Raw_MY_exports!$B$2:$K$10,MATCH("United States",Raw_MY_exports!$A$2:$A$10,0),8)) -> 318317307 | H14: =(INDEX(Raw_MY_exports!$B$2:$K$10,MATCH("Canada",Raw_MY_exports!$A$2:$A$10,0),9)+INDEX(Raw_MY_exports!$B$2:$K$10,MATCH("China",Raw_MY_exports!$A$2:$A$10,0),9)+INDEX(Raw_MY_exports!$B$2:$K$10,MATCH("France",Raw_MY_exports!$A$2:$A$10,0),9)+INDEX(Raw_MY_exports!$B$2:$K$10,MATCH("Germany",Raw_MY_exports!$A$2:$A$10,0),9)+INDEX(Raw_MY_exports!$B$2:$K$10,MATCH("Ireland",Raw_MY_exports!$A$2:$A$10,0),9)+INDEX(Raw_MY_exports!$B$2:$K$10,MATCH("Italy",Raw_MY_exports!$A$2:$A$10,0),9)+INDEX(Raw_MY_exports!$B$2:$K$10,MATCH("Singapore",Raw_MY_exports!$A$2:$A$10,0),9)+INDEX(Raw_MY_exports!$B$2:$K$10,MATCH("United Kingdom",Raw_MY_exports!$A$2:$A$10,0),9)+INDEX(Raw_MY_exports!$B$2:$K$10,MATCH("United States",Raw_MY_exports!$A$2:$A$10,0),9)) -> 269857222

Sheet Reconciliation
A1: Mirror check: Malaysia-reported exports vs partner-reported imports
A2: Malaysia FOB (MYR→USD/EUR) vs US customs-value & EU CIF (origin-based). Ratio >1 ⇒ Malaysia reports more than partner attributes to Malaysian origin (re-export signal).
A4: UNITED STATES
A5: Metric | B5: 2017 | C5: 2018 | D5: 2019 | E5: 2020 | F5: 2021 | G5: 2022 | H5: 2023 | I5: 2024 | J5: 2025
A6: Malaysia exports→US (USD M) | B6: =INDEX(Raw_MY_exports!$B$2:$K$10,MATCH("United States",Raw_MY_exports!$A$2:$A$10,0),1)/INDEX(Raw_partner_imports!$B$4:$J$4,1,1)/1000000 -> 5.0889602 | C6: =INDEX(Raw_MY_exports!$B$2:$K$10,MATCH("United States",Raw_MY_exports!$A$2:$A$10,0),2)/INDEX(Raw_partner_imports!$B$4:$J$4,1,2)/1000000 -> 4.2539249 | D6: =INDEX(Raw_MY_exports!$B$2:$K$10,MATCH("United States",Raw_MY_exports!$A$2:$A$10,0),3)/INDEX(Raw_partner_imports!$B$4:$J$4,1,3)/1000000 -> 6.4448916 | E6: =INDEX(Raw_MY_exports!$B$2:$K$10,MATCH("United States",Raw_MY_exports!$A$2:$A$10,0),4)/INDEX(Raw_partner_imports!$B$4:$J$4,1,4)/1000000 -> 5.6387433 | F6: =INDEX(Raw_MY_exports!$B$2:$K$10,MATCH("United States",Raw_MY_exports!$A$2:$A$10,0),5)/INDEX(Raw_partner_imports!$B$4:$J$4,1,5)/1000000 -> 6.3692769 | G6: =INDEX(Raw_MY_exports!$B$2:$K$10,MATCH("United States",Raw_MY_exports!$A$2:$A$10,0),6)/INDEX(Raw_partner_imports!$B$4:$J$4,1,6)/1000000 -> 9.4814067 | H6: =INDEX(Raw_MY_exports!$B$2:$K$10,MATCH("United States",Raw_MY_exports!$A$2:$A$10,0),7)/INDEX(Raw_partner_imports!$B$4:$J$4,1,7)/1000000 -> 7.4409592 | I6: =INDEX(Raw_MY_exports!$B$2:$K$10,MATCH("United States",Raw_MY_exports!$A$2:$A$10,0),8)/INDEX(Raw_partner_imports!$B$4:$J$4,1,8)/1000000 -> 16.34705 | J6: =INDEX(Raw_MY_exports!$B$2:$K$10,MATCH("United States",Raw_MY_exports!$A$2:$A$10,0),9)/INDEX(Raw_partner_imports!$B$4:$J$4,1,9)/1000000 -> 12.009857
A7: US imports←Malaysia (USD M) | B7: =INDEX(Raw_partner_imports!$B$2:$J$2,1,1)/1000000 -> 3.533798 | C7: =INDEX(Raw_partner_imports!$B$2:$J$2,1,2)/1000000 -> 2.501611 | D7: =INDEX(Raw_partner_imports!$B$2:$J$2,1,3)/1000000 -> 4.182633 | E7: =INDEX(Raw_partner_imports!$B$2:$J$2,1,4)/1000000 -> 3.729844 | F7: =INDEX(Raw_partner_imports!$B$2:$J$2,1,5)/1000000 -> 4.920458 | G7: =INDEX(Raw_partner_imports!$B$2:$J$2,1,6)/1000000 -> 6.805013 | H7: =INDEX(Raw_partner_imports!$B$2:$J$2,1,7)/1000000 -> 6.982079 | I7: =INDEX(Raw_partner_imports!$B$2:$J$2,1,8)/1000000 -> 9.022971 | J7: =INDEX(Raw_partner_imports!$B$2:$J$2,1,9)/1000000 -> 10.642976
A8: Ratio (MY / US) | B8: =INDEX(Raw_MY_exports!$B$2:$K$10,MATCH("United States",Raw_MY_exports!$A$2:$A$10,0),1)/INDEX(Raw_partner_imports!$B$4:$J$4,1,1)/INDEX(Raw_partner_imports!$B$2:$J$2,1,1) -> 1.4400824 | C8: =INDEX(Raw_MY_exports!$B$2:$K$10,MATCH("United States",Raw_MY_exports!$A$2:$A$10,0),2)/INDEX(Raw_partner_imports!$B$4:$J$4,1,2)/INDEX(Raw_partner_imports!$B$2:$J$2,1,2) -> 1.7004742 | D8: =INDEX(Raw_MY_exports!$B$2:$K$10,MATCH("United States",Raw_MY_exports!$A$2:$A$10,0),3)/INDEX(Raw_partner_imports!$B$4:$J$4,1,3)/INDEX(Raw_partner_imports!$B$2:$J$2,1,3) -> 1.5408695 | E8: =INDEX(Raw_MY_exports!$B$2:$K$10,MATCH("United States",Raw_MY_exports!$A$2:$A$10,0),4)/INDEX(Raw_partner_imports!$B$4:$J$4,1,4)/INDEX(Raw_partner_imports!$B$2:$J$2,1,4) -> 1.5117906 | F8: =INDEX(Raw_MY_exports!$B$2:$K$10,MATCH("United States",Raw_MY_exports!$A$2:$A$10,0),5)/INDEX(Raw_partner_imports!$B$4:$J$4,1,5)/INDEX(Raw_partner_imports!$B$2:$J$2,1,5) -> 1.294448 | G8: =INDEX(Raw_MY_exports!$B$2:$K$10,MATCH("United States",Raw_MY_exports!$A$2:$A$10,0),6)/INDEX(Raw_partner_imports!$B$4:$J$4,1,6)/INDEX(Raw_partner_imports!$B$2:$J$2,1,6) -> 1.3932974 | H8: =INDEX(Raw_MY_exports!$B$2:$K$10,MATCH("United States",Raw_MY_exports!$A$2:$A$10,0),7)/INDEX(Raw_partner_imports!$B$4:$J$4,1,7)/INDEX(Raw_partner_imports!$B$2:$J$2,1,7) -> 1.0657226 | I8: =INDEX(Raw_MY_exports!$B$2:$K$10,MATCH("United States",Raw_MY_exports!$A$2:$A$10,0),8)/INDEX(Raw_partner_imports!$B$4:$J$4,1,8)/INDEX(Raw_partner_imports!$B$2:$J$2,1,8) -> 1.8117148 | J8: =INDEX(Raw_MY_exports!$B$2:$K$10,MATCH("United States",Raw_MY_exports!$A$2:$A$10,0),9)/INDEX(Raw_partner_imports!$B$4:$J$4,1,9)/INDEX(Raw_partner_imports!$B$2:$J$2,1,9) -> 1.1284303
A10: EUROPEAN UNION (listed EU dests only: FR, DE, IE, IT — incomplete)
A11: Metric | B11: 2017 | C11: 2018 | D11: 2019 | E11: 2020 | F11: 2021 | G11: 2022 | H11: 2023 | I11: 2024 | J11: 2025
A12: Malaysia exports→EU4 (EUR M) | B12: =(INDEX(Raw_MY_exports!$B$2:$K$10,MATCH("France",Raw_MY_exports!$A$2:$A$10,0),1)+INDEX(Raw_MY_exports!$B$2:$K$10,MATCH("Germany",Raw_MY_exports!$A$2:$A$10,0),1)+INDEX(Raw_MY_exports!$B$2:$K$10,MATCH("Ireland",Raw_MY_exports!$A$2:$A$10,0),1)+INDEX(Raw_MY_exports!$B$2:$K$10,MATCH("Italy",Raw_MY_exports!$A$2:$A$10,0),1))/INDEX(Raw_partner_imports!$B$5:$J$5,1,1)/1000000 -> 5.5602565 | C12: =(INDEX(Raw_MY_exports!$B$2:$K$10,MATCH("France",Raw_MY_exports!$A$2:$A$10,0),2)+INDEX(Raw_MY_exports!$B$2:$K$10,MATCH("Germany",Raw_MY_exports!$A$2:$A$10,0),2)+INDEX(Raw_MY_exports!$B$2:$K$10,MATCH("Ireland",Raw_MY_exports!$A$2:$A$10,0),2)+INDEX(Raw_MY_exports!$B$2:$K$10,MATCH("Italy",Raw_MY_exports!$A$2:$A$10,0),2))/INDEX(Raw_partner_imports!$B$5:$J$5,1,2)/1000000 -> 4.7586304 | D12: =(INDEX(Raw_MY_exports!$B$2:$K$10,MATCH("France",Raw_MY_exports!$A$2:$A$10,0),3)+INDEX(Raw_MY_exports!$B$2:$K$10,MATCH("Germany",Raw_MY_exports!$A$2:$A$10,0),3)+INDEX(Raw_MY_exports!$B$2:$K$10,MATCH("Ireland",Raw_MY_exports!$A$2:$A$10,0),3)+INDEX(Raw_MY_exports!$B$2:$K$10,MATCH("Italy",Raw_MY_exports!$A$2:$A$10,0),3))/INDEX(Raw_partner_imports!$B$5:$J$5,1,3)/1000000 -> 2.7789825 | E12: =(INDEX(Raw_MY_exports!$B$2:$K$10,MATCH("France",Raw_MY_exports!$A$2:$A$10,0),4)+INDEX(Raw_MY_exports!$B$2:$K$10,MATCH("Germany",Raw_MY_exports!$A$2:$A$10,0),4)+INDEX(Raw_MY_exports!$B$2:$K$10,MATCH("Ireland",Raw_MY_exports!$A$2:$A$10,0),4)+INDEX(Raw_MY_exports!$B$2:$K$10,MATCH("Italy",Raw_MY_exports!$A$2:$A$10,0),4))/INDEX(Raw_partner_imports!$B$5:$J$5,1,4)/1000000 -> 2.779656 | F12: =(INDEX(Raw_MY_exports!$B$2:$K$10,MATCH("France",Raw_MY_exports!$A$2:$A$10,0),5)+INDEX(Raw_MY_exports!$B$2:$K$10,MATCH("Germany",Raw_MY_exports!$A$2:$A$10,0),5)+INDEX(Raw_MY_exports!$B$2:$K$10,MATCH("Ireland",Raw_MY_exports!$A$2:$A$10,0),5)+INDEX(Raw_MY_exports!$B$2:$K$10,MATCH("Italy",Raw_MY_exports!$A$2:$A$10,0),5))/INDEX(Raw_partner_imports!$B$5:$J$5,1,5)/1000000 -> 1.2091947 | G12: =(INDEX(Raw_MY_exports!$B$2:$K$10,MATCH("France",Raw_MY_exports!$A$2:$A$10,0),6)+INDEX(Raw_MY_exports!$B$2:$K$10,MATCH("Germany",Raw_MY_exports!$A$2:$A$10,0),6)+INDEX(Raw_MY_exports!$B$2:$K$10,MATCH("Ireland",Raw_MY_exports!$A$2:$A$10,0),6)+INDEX(Raw_MY_exports!$B$2:$K$10,MATCH("Italy",Raw_MY_exports!$A$2:$A$10,0),6))/INDEX(Raw_partner_imports!$B$5:$J$5,1,6)/1000000 -> 1.7248043 | H12: =(INDEX(Raw_MY_exports!$B$2:$K$10,MATCH("France",Raw_MY_exports!$A$2:$A$10,0),7)+INDEX(Raw_MY_exports!$B$2:$K$10,MATCH("Germany",Raw_MY_exports!$A$2:$A$10,0),7)+INDEX(Raw_MY_exports!$B$2:$K$10,MATCH("Ireland",Raw_MY_exports!$A$2:$A$10,0),7)+INDEX(Raw_MY_exports!$B$2:$K$10,MATCH("Italy",Raw_MY_exports!$A$2:$A$10,0),7))/INDEX(Raw_partner_imports!$B$5:$J$5,1,7)/1000000 -> 1.5785933 | I12: =(INDEX(Raw_MY_exports!$B$2:$K$10,MATCH("France",Raw_MY_exports!$A$2:$A$10,0),8)+INDEX(Raw_MY_exports!$B$2:$K$10,MATCH("Germany",Raw_MY_exports!$A$2:$A$10,0),8)+INDEX(Raw_MY_exports!$B$2:$K$10,MATCH("Ireland",Raw_MY_exports!$A$2:$A$10,0),8)+INDEX(Raw_MY_exports!$B$2:$K$10,MATCH("Italy",Raw_MY_exports!$A$2:$A$10,0),8))/INDEX(Raw_partner_imports!$B$5:$J$5,1,8)/1000000 -> 0.86631677 | J12: =(INDEX(Raw_MY_exports!$B$2:$K$10,MATCH("France",Raw_MY_exports!$A$2:$A$10,0),9)+INDEX(Raw_MY_exports!$B$2:$K$10,MATCH("Germany",Raw_MY_exports!$A$2:$A$10,0),9)+INDEX(Raw_MY_exports!$B$2:$K$10,MATCH("Ireland",Raw_MY_exports!$A$2:$A$10,0),9)+INDEX(Raw_MY_exports!$B$2:$K$10,MATCH("Italy",Raw_MY_exports!$A$2:$A$10,0),9))/INDEX(Raw_partner_imports!$B$5:$J$5,1,9)/1000000 -> 3.01878
A13: EU imports←Malaysia total (EUR M) | B13: =INDEX(Raw_partner_imports!$B$3:$J$3,1,1)/1000000 -> 11.918625 | C13: =INDEX(Raw_partner_imports!$B$3:$J$3,1,2)/1000000 -> 13.082494 | D13: =INDEX(Raw_partner_imports!$B$3:$J$3,1,3)/1000000 -> 9.56589 | E13: =INDEX(Raw_partner_imports!$B$3:$J$3,1,4)/1000000 -> 10.931848 | F13: =INDEX(Raw_partner_imports!$B$3:$J$3,1,5)/1000000 -> 9.141667 | G13: =INDEX(Raw_partner_imports!$B$3:$J$3,1,6)/1000000 -> 14.293436 | H13: =INDEX(Raw_partner_imports!$B$3:$J$3,1,7)/1000000 -> 5.83176 | I13: =INDEX(Raw_partner_imports!$B$3:$J$3,1,8)/1000000 -> 7.087694 | J13: =INDEX(Raw_partner_imports!$B$3:$J$3,1,9)/1000000 -> 6.652928

Sheet Raw_MY_exports
A1: Destination | B1: 2017 | C1: 2018 | D1: 2019 | E1: 2020 | F1: 2021 | G1: 2022 | H1: 2023 | I1: 2024 | J1: 2025 | K1: 2026
A2: Canada | B2: 2198707 | C2: 1947830 | D2: 517546 | E2: 127145 | F2: 1201330 | G2: 497669 | H2: 1416289 | I2: 1434023 | J2: 31708 | K2: 46312
A3: China | B3: 22509809 | C3: 16076326 | D3: 31611236 | E3: 30924805 | F3: 9323886 | G3: 43201604 | H3: 57166395 | I3: 110719913 | J3: 75767487 | K3: 54299669
A4: France | B4: 2092064 | C4: 724600 | D4: 1658015 | E4: 1943219 | F4: 196117 | G4: 1236874 | H4: 575146 | I4: 76549 | J4: 609024 | K4: 16807
A5: Germany | B5: 24106637 | C5: 21023899 | D5: 10654162 | E5: 10484535 | F5: 4498044 | G5: 4245293 | H5: 6019106 | I5: 3316892 | J5: 11462164 | K5: 1542822
A6: Ireland | B6: 161342 | C6: 0 | D6: 5313 | E6: 0 | F6: 124974 | G6: 1396766 | H6: 851821 | I6: 60 | J6: 10283 | K6: 0
A7: Italy | B7: 607201 | C7: 950168 | D7: 576989 | E7: 914595 | F7: 1105919 | G7: 1106911 | H7: 336392 | I7: 894767 | J7: 2378485 | K7: 136746
A8: Singapore | B8: 144767154 | C8: 126085058 | D8: 112917274 | E8: 115305165 | F8: 149205677 | G8: 121394800 | H8: 124535632 | I8: 121766260 | J8: 123811836 | K8: 59680465
A9: United Kingdom | B9: 8176920 | C9: 4119896 | D9: 5534944 | E9: 2831271 | F9: 1760589 | G9: 5894559 | H9: 3924371 | I9: 5321087 | J9: 2702669 | K9: 541555
A10: United States | B10: 21882529 | C10: 17164587 | D10: 26694741 | E10: 23699638 | F10: 26387914 | G10: 41727671 | H10: 33930774 | I10: 74787756 | J10: 53083566 | K10: 28886641
A12: DOSM/OpenDOSM, exports FOB, MYR, by destination. 2026 = partial (YTD). Curated 9-destination extract, not total world.

Sheet Raw_partner_imports
A1: Series | B1: 2017 | C1: 2018 | D1: 2019 | E1: 2020 | F1: 2021 | G1: 2022 | H1: 2023 | I1: 2024 | J1: 2025
A2: US imports from Malaysia (USD) | B2: 3533798 | C2: 2501611 | D2: 4182633 | E2: 3729844 | F2: 4920458 | G2: 6805013 | H2: 6982079 | I2: 9022971 | J2: 10642976
A3: EU imports from Malaysia (EUR) | B3: 11918626 | C3: 13082494 | D3: 9565890 | E3: 10931848 | F3: 9141667 | G3: 14293436 | H3: 5831760 | I3: 7087694 | J3: 6652928
A4: FX: MYR per USD | B4: 4.3 | C4: 4.035 | D4: 4.142 | E4: 4.203 | F4: 4.143 | G4: 4.401 | H4: 4.56 | I4: 4.575 | J4: 4.42
A5: FX: MYR per EUR | B5: 4.85 | C5: 4.77 | D5: 4.64 | E5: 4.8 | F5: 4.9 | G5: 4.63 | H5: 4.93 | I5: 4.95 | J5: 4.79
A7: FX = approx. annual-average rates. US=US Census customs value; EU=Eurostat Comext.
